Sample,Sample_raw,Latitude,Longitude,Depth_m,Region,H2O_wt_pct,Ce_ppm,H2O_Ce,Ba_ppm,Nb_ppm,Ba_Nb,Sr87_Sr86,Source,age_min_total_mantle_rate0p05,age_end_total_mantle_rate0p05,duration_total_mantle_rate0p05,episode_water_total_mantle_rate0p05,n_windows_total_mantle_rate0p05,age_min_total_mantle_rate0p5,age_end_total_mantle_rate0p5,duration_total_mantle_rate0p5,episode_water_total_mantle_rate0p5,n_windows_total_mantle_rate0p5,age_min_total_mantle_rate2p5,age_end_total_mantle_rate2p5,duration_total_mantle_rate2p5,episode_water_total_mantle_rate2p5,n_windows_total_mantle_rate2p5,W0_total_mantle
HLY0102008013,HLY0102-008-013,82.89,-6.26,,Arctic,0.3,,272.73,,,16.107,,Cai_Gakkel,120,180,60,2001.2,10,120,180,60,2001.2,9,120,160,40,1962.8,6,3423.8
HLY0102012007,HLY0102-012-007,83.342,-4.9808,3007.0,Arctic,0.48,,322.15,,,13.378,,Cai_Gakkel,120,180,60,2076.9,10,120,180,60,2076.9,9,120,160,40,2045.8,7,4019.5
HLY0102014002,HLY0102-014-002,83.425,-4.4725,3151.0,Arctic,0.51,,301.78,,,14.255,,Cai_Gakkel,120,180,60,2092.0,10,120,180,60,2092.0,9,120,160,40,2062.2,7,4041.6
HLY0102021004,HLY0102-021-004,83.857,-1.935,3075.5,Arctic,0.47,,303.23,,,11.5,,Cai_Gakkel,120,380,260,4486.8,11,120,180,60,2096.9,10,120,160,40,2071.9,7,4486.8
HLY0102022002,HLY0102-022-002,83.91,-1.31,3206.5,Arctic,0.36,,288.0,,,12.36,,Cai_Gakkel,120,380,260,4661.7,11,120,180,60,2060.5,10,120,160,40,2036.0,7,4661.7
HLY0102027029,HLY0102-027-029,84.483,2.7542,4033.0,Arctic,0.156,,296.58,,,11.143,,Cai_Gakkel,120,380,260,4976.4,11,120,180,60,1947.5,10,120,160,40,1929.1,7,4976.4
HLY0102028018,HLY0102-028-018,84.504,2.6608,4075.0,Arctic,0.206,,317.77,,,8.7663,,Cai_Gakkel,120,380,260,5037.1,11,120,180,60,1868.6,9,120,160,40,1849.0,8,5037.1
HLY0102036064,HLY0102-036-064,85.263,12.406,4410.5,Arctic,0.62,,250.0,,,17.02,,Cai_Gakkel,120,380,260,4970.0,11,120,160,40,1463.8,9,120,160,40,1463.8,8,4970.0
POL0059199003,POL0059-199-003,85.563,16.231,4714.0,Arctic,0.209,,304.22,,,7.4569,,Cai_Gakkel,120,380,260,4744.8,11,120,160,40,1217.5,9,120,160,40,1217.5,9,4744.8
HLY0102063026,HLY0102-063-026,85.634,84.582,3938.5,Arctic,0.3,,240.0,,,6.7879,,Cai_Gakkel,120,280,160,679.7,9,140,280,140,674.5,7,140,160,20,199.3,4,784.2
HLY0102061005,HLY0102-061-005,85.635,85.05,3869.5,Arctic,0.21,,179.49,,,5.5,,Cai_Gakkel,120,280,160,674.8,9,140,280,140,669.8,7,140,160,20,197.2,4,777.7
HLY0102048SG,HLY0102-048-SG,86.048,31.517,4019.0,Arctic,0.48,,218.18,,,7.25,,Cai_Gakkel,120,160,40,762.0,10,120,160,40,762.0,9,120,160,40,762.0,9,3943.3
POL0059309001,POL0059-309-001,86.238,35.894,4631.0,Arctic,0.47,,208.89,,,8.5,,Cai_Gakkel,120,160,40,648.0,10,120,160,40,648.0,9,120,160,40,648.0,8,3639.9
HLY0102091001,HLY0102-091-001,86.329,35.627,4575.0,Arctic,0.34,,229.73,,,7.1132,,Cai_Gakkel,120,160,40,623.0,10,120,160,40,623.0,9,120,160,40,623.0,8,3575.7
HLY0102086029,HLY0102-086-029,86.346,39.07,4912.5,Arctic,0.33,,187.5,,,7.5604,,Cai_Gakkel,120,160,40,576.1,10,120,160,40,576.1,9,120,160,40,576.1,8,3380.2
HLY0102085125,HLY0102-085-125,86.372,40.169,4120.5,Arctic,0.639,,269.03,,,6.7321,,Cai_Gakkel,120,160,40,560.9,10,120,160,40,560.9,9,120,160,40,560.9,8,3308.6
HLY0102088002,HLY0102-088-002,86.387,39.176,4866.0,Arctic,0.38,,237.5,,,6.6216,,Cai_Gakkel,120,160,40,573.6,10,120,160,40,573.6,9,120,160,40,573.6,8,3368.3
HLY0102067001,HLY0102-067-001,86.4,72.68,3954.0,Arctic,0.17,,170.0,,,6.1111,,Cai_Gakkel,120,280,160,1130.0,8,120,160,40,366.0,7,140,160,20,340.0,6,1334.1
POL0059305SG1,POL0059-305-SG1,86.419,41.082,4456.0,Arctic,0.618,,265.7,,,6.702,,Cai_Gakkel,120,160,40,551.2,10,120,160,40,551.2,9,120,160,40,551.2,7,3260.1
HLY0102083001,HLY0102-083-001,86.501,42.438,3406.0,Arctic,0.421,,269.15,,,5.8337,,Cai_Gakkel,120,160,40,524.3,9,120,160,40,524.3,8,120,160,40,524.3,7,3099.8
HLY0102083010,HLY0102-083-010,86.501,42.438,3406.0,Arctic,0.412,,262.08,,,5.8461,,Cai_Gakkel,120,160,40,524.3,9,120,160,40,524.3,8,120,160,40,524.3,7,3099.8
HLY0102083011,HLY0102-083-011,86.501,42.438,3406.0,Arctic,0.413,,249.5,,,6.138,,Cai_Gakkel,120,160,40,524.3,9,120,160,40,524.3,8,120,160,40,524.3,7,3099.8
HLY0102052001,HLY0102-052-001,86.518,42.138,3822.0,Arctic,0.36,,238.41,,,6.8923,,Cai_Gakkel,120,160,40,526.3,9,120,160,40,526.3,8,120,160,40,526.3,7,3111.9
HLY0102052002,HLY0102-052-002,86.518,42.138,3822.0,Arctic,0.435,,268.51,,,6.2797,,Cai_Gakkel,120,160,40,526.3,9,120,160,40,526.3,8,120,160,40,526.3,7,3111.9
HLY0102R019,HLY0102-R019,86.547,43.195,3320.0,Arctic,0.308,,229.17,,,5.2993,,Cai_Gakkel,120,160,40,516.6,9,120,160,40,516.6,8,120,160,40,516.6,7,3051.1
HLY0102051033,HLY0102-051-033,86.555,43.549,3589.0,Arctic,0.25,,195.31,,,5.5135,,Cai_Gakkel,120,160,40,512.9,9,120,160,40,512.9,8,120,160,40,512.9,7,3026.6
HLY0102051025,HLY0102-051-025,86.555,43.549,3589.0,Arctic,0.317,,230.31,,,4.898,,Cai_Gakkel,120,160,40,512.9,9,120,160,40,512.9,8,120,160,40,512.9,7,3026.6
HLY0102082005,HLY0102-082-005,86.614,44.748,4890.0,Arctic,0.34,,237.93,,,6.2856,,Cai_Gakkel,120,160,40,502.2,9,120,160,40,502.2,8,120,160,40,502.2,7,2952.6
HLY0102054003,HLY0102-054-003,86.644,48.765,3790.0,Arctic,0.282,,244.97,,,5.8982,,Cai_Gakkel,120,160,40,471.4,9,120,160,40,471.4,8,120,160,40,471.4,7,2700.9
HLY0102081131,HLY0102-081-131,86.647,46.612,4892.5,Arctic,0.094,,318.64,,,5.7662,,Cai_Gakkel,120,160,40,487.4,9,120,160,40,487.4,8,120,160,40,487.4,7,2840.1
POL0059297044,POL0059-297-044,86.677,46.982,4742.5,Arctic,0.186,,433.57,,,3.4242,,Cai_Gakkel,120,160,40,484.3,9,120,160,40,484.3,8,120,160,40,484.3,7,2814.9
POL0059297081,POL0059-297-081,86.677,46.982,4742.5,Arctic,0.254,,273.25,,,5.7932,,Cai_Gakkel,120,160,40,484.3,9,120,160,40,484.3,8,120,160,40,484.3,7,2814.9
HLY0102053007,HLY0102-053-007,86.681,49.228,4412.5,Arctic,0.453,,279.61,,,6.4268,,Cai_Gakkel,120,160,40,468.7,9,120,160,40,468.7,8,120,160,40,468.7,7,2675.4
HLY0102080009,HLY0102-080-009,86.696,48.355,4709.0,Arctic,0.718,,510.11,,,6.1808,,Cai_Gakkel,120,160,40,474.2,9,120,160,40,474.2,8,120,160,40,474.2,7,2726.3
POL0059274008,POL0059-274-008,86.726,66.867,4567.0,Arctic,0.247,,318.86,,,24.908,,Cai_Gakkel,120,280,160,1387.6,8,120,160,40,422.0,7,140,160,20,375.0,6,1623.3
POL0059274028,POL0059-274-028,86.726,66.867,4567.0,Arctic,0.234,,267.62,,,35.014,,Cai_Gakkel,120,280,160,1387.6,8,120,160,40,422.0,7,140,160,20,375.0,6,1623.3
POL0059274060,POL0059-274-060,86.726,66.867,4567.0,Arctic,0.241,,261.23,,,35.361,,Cai_Gakkel,120,280,160,1387.6,8,120,160,40,422.0,7,140,160,20,375.0,6,1623.3
POL0059270016,POL0059-270-016,86.743,49.842,4766.0,Arctic,0.509,,277.46,,,6.1837,,Cai_Gakkel,120,160,40,468.7,9,120,160,40,468.7,7,120,160,40,468.7,7,2572.9
POL0059270008,POL0059-270-008,86.743,49.842,4766.0,Arctic,0.476,,266.37,,,6.1414,,Cai_Gakkel,120,160,40,468.7,9,120,160,40,468.7,7,120,160,40,468.7,7,2572.9
POL0059299001,POL0059-299-001,86.747,46.293,4589.5,Arctic,0.228,,444.44,,,5.4835,,Cai_Gakkel,120,160,40,490.3,9,120,160,40,490.3,8,120,160,40,490.3,7,2791.3
POL0059295001,POL0059-295-001,86.811,52.195,4608.0,Arctic,0.38,,219.65,,,8.0128,,Cai_Gakkel,120,160,40,457.2,9,120,160,40,457.2,7,120,160,40,457.2,7,2427.2
POL0059295002,POL0059-295-002,86.811,52.195,4608.0,Arctic,0.465,,294.3,,,8.803,,Cai_Gakkel,120,160,40,457.2,9,120,160,40,457.2,7,120,160,40,457.2,7,2427.2
POL0059295009,POL0059-295-009,86.811,52.195,4608.0,Arctic,0.483,,260.44,,,6.8202,,Cai_Gakkel,120,160,40,457.2,9,120,160,40,457.2,7,120,160,40,457.2,7,2427.2
POL0059271002,POL0059-271-002,86.829,47.808,4364.5,Arctic,0.328,,212.81,,,5.1768,,Cai_Gakkel,120,160,40,480.0,9,120,160,40,480.0,7,120,160,40,480.0,7,2694.4
POL0059271058,POL0059-271-058,86.829,47.808,4364.5,Arctic,0.453,,268.25,,,6.1866,,Cai_Gakkel,120,160,40,480.0,9,120,160,40,480.0,7,120,160,40,480.0,7,2694.4
HLY0102078004,HLY0102-078-004,86.829,51.72,5069.5,Arctic,0.303,,251.1,,,5.7252,,Cai_Gakkel,120,160,40,459.0,9,120,160,40,459.0,7,120,160,40,459.0,7,2451.4
HLY0102079002,HLY0102-079-002,86.832,49.656,4663.0,Arctic,0.545,,390.46,,,5.5296,,Cai_Gakkel,120,160,40,469.7,9,120,160,40,469.7,7,120,160,40,469.7,7,2585.1
HLY0102077001,HLY0102-077-001,86.88,51.212,4845.0,Arctic,0.414,,265.06,,,5.7212,,Cai_Gakkel,120,160,40,461.7,9,120,160,40,461.7,7,120,160,40,461.7,7,2487.8
POL0059294018,POL0059-294-018,86.897,56.233,4068.0,Arctic,0.389,,364.1,,,3.86,,Cai_Gakkel,120,160,40,442.6,8,120,160,40,442.6,7,120,160,40,442.6,7,2188.1
HLY0102076017,HLY0102-076-017,86.902,54.095,4469.5,Arctic,0.355,,558.46,,,2.6995,,Cai_Gakkel,120,160,40,460.7,8,120,160,40,460.7,7,120,160,40,460.7,7,2262.6
POL0059293007,POL0059-293-007,86.911,58.555,3932.0,Arctic,0.427,,264.55,,,5.6313,,Cai_Gakkel,120,280,160,1755.7,8,120,160,40,450.4,7,120,160,40,450.4,7,2012.1
HLY0102073017,HLY0102-073-017,86.96,57.364,4037.0,Arctic,0.27,,192.86,,,5.9184,,Cai_Gakkel,120,160,40,452.6,8,120,160,40,452.6,7,120,160,40,452.6,7,2075.9
HLY0102073012,HLY0102-073-012,86.96,57.364,4037.0,Arctic,0.28,,227.44,,,5.1695,,Cai_Gakkel,120,160,40,452.6,8,120,160,40,452.6,7,120,160,40,452.6,7,2075.9
HLY0102075003,HLY0102-075-003,86.967,53.897,4172.5,Arctic,0.364,,237.27,,,7.0027,,Cai_Gakkel,120,160,40,461.3,8,120,160,40,461.3,7,120,160,40,461.3,7,2273.9
HLY0102074015,HLY0102-074-015,86.979,55.32,3885.5,Arctic,0.456,,284.55,,,5.3589,,Cai_Gakkel,120,160,40,457.0,8,120,160,40,457.0,7,120,160,40,457.0,7,2184.8
HLY0102055019,HLY0102-055-019,87.031,59.471,4002.0,Arctic,0.288,,414.96,,,5.8516,,Cai_Gakkel,120,280,160,1715.6,8,120,160,40,449.1,7,120,160,40,449.1,7,1970.4
PS59199003,PS59-199-003,85.5625,16.2308,4487.0,Arctic,0.209,6.87099,317.766,8.65164,1.1558,7.48539,,LeVoyer_S2,120,380,260,4744.8,11,120,160,40,1217.5,9,120,160,40,1217.5,9,4744.8
201,20-1,85.5944,85.5275,4023.0,Arctic,0.212571,13.0007,381.772,23.2367,4.21196,5.51683,0.702653,LeVoyer_S2,120,280,160,668.5,9,140,280,140,663.6,7,140,160,20,194.0,4,768.9
231,23-1,85.5992,85.5817,4131.0,Arctic,0.240625,13.1194,154.337,21.7574,3.68144,5.91001,0.702574,LeVoyer_S2,120,280,160,668.5,9,140,280,140,663.6,7,140,160,20,194.0,4,768.9
191,19-1,85.6047,85.2517,3910.0,Arctic,0.252173,12.4971,183.412,19.5985,3.61174,5.42632,0.702615,LeVoyer_S2,120,280,160,672.6,9,140,280,140,667.6,7,140,160,20,196.1,4,774.6
251,25-1,85.6047,85.2844,3904.0,Arctic,0.221662,12.5437,163.508,20.1759,3.64509,5.53509,0.702623,LeVoyer_S2,120,280,160,672.6,9,140,280,140,667.6,7,140,160,20,196.1,4,774.6
161,16-1,85.6064,85.1789,4003.0,Arctic,0.221225,12.5333,176.712,23.3607,4.02794,5.79966,,LeVoyer_S2,120,280,160,672.6,9,140,280,140,667.6,7,140,160,20,196.1,4,774.6
151,15-1,85.6114,85.1989,3942.0,Arctic,0.25178,12.9902,201.786,24.8545,4.33902,5.72815,,LeVoyer_S2,120,280,160,672.6,9,140,280,140,667.6,7,140,160,20,196.1,4,774.6
139,13-9,85.6139,85.3242,4090.0,Arctic,0.207705,12.6135,176.511,20.0226,3.62334,5.526,,LeVoyer_S2,120,280,160,670.5,9,140,280,140,665.6,7,140,160,20,195.1,4,771.7
131,13-1,85.6139,85.3547,4116.0,Arctic,0.243388,12.2405,193.823,19.8997,3.53309,5.63238,0.702626,LeVoyer_S2,120,280,160,670.5,9,140,280,140,665.6,7,140,160,20,195.1,4,771.7
43435,43435,85.6264,85.2397,4000.0,Arctic,0.285659,12.4669,164.669,20.2242,3.57441,5.65806,0.702621,LeVoyer_S2,120,280,160,672.6,9,140,280,140,667.6,7,140,160,20,196.1,4,774.6
POL0059301SG,POL0059-301-SG,86.6292,41.2367,2560.5,Arctic,0.153,3.78098,225.783,5.38566,0.934403,5.76374,,LeVoyer_S2,120,160,40,536.5,9,120,160,40,536.5,9,120,160,40,536.5,7,3172.0
VG5845,VG5845,-58.65,-16.21,3822.0,Atlantic,0.383331,19.9861,171.543,26.9655,6.71914,4.01323,,LeVoyer_S2,380,400,20,2.8,1,,,,,0,,,,,0,375.1
VG5846,VG5846,-58.65,-16.21,3822.0,Atlantic,0.307768,18.1902,204.678,57.1159,9.36874,6.09643,,LeVoyer_S2,380,400,20,2.8,1,,,,,0,,,,,0,375.1
VG5784,VG5784,-57.47,-7.01,3794.0,Atlantic,0.27,17.818,169.866,60.6983,7.72278,7.85964,,LeVoyer_S2,,,,,0,,,,,0,,,,,0,0.2
MELVULC5030060,MELVULC-5-030-060,-57.468,-7.01,3794.0,Atlantic,,,191.799,,8.2,,0.70295,LeVoyer_S2,,,,,0,,,,,0,,,,,0,0.2
VG5781,VG5781,-57.05,-6.06,3648.0,Atlantic,0.15,15.5453,151.532,43.8825,6.37304,6.88564,,LeVoyer_S2,,,,,0,,,,,0,,,,,0,0.0
VG5780,VG5780,-56.96,-6.13,3098.0,Atlantic,0.36,20.8018,96.492,51.1478,9.03306,5.66229,,LeVoyer_S2,,,,,0,,,,,0,,,,,0,0.0
MELVULC5027034,MELVULC-5-027-034,-56.895,-6.043,2379.0,Atlantic,,,173.062,,15.6,,0.70334,LeVoyer_S2,,,,,0,,,,,0,,,,,0,0.0
MELVULC5027019,MELVULC-5-027-019,-56.895,-6.043,2379.0,Atlantic,,,198.046,22.88,3.526,6.48894,0.70277,LeVoyer_S2,,,,,0,,,,,0,,,,,0,0.0
VG5764,VG5764,-56.89,-6.04,2495.0,Atlantic,0.29,27.3483,160.709,21.6868,6.88262,3.15096,,LeVoyer_S2,,,,,0,,,,,0,,,,,0,0.0
VG5768,VG5768,-56.89,-6.04,2495.0,Atlantic,0.17,8.21645,127.476,15.2176,2.51275,6.05616,0.70277,LeVoyer_S2,,,,,0,,,,,0,,,,,0,0.0
VG5765,VG5765,-56.89,-6.04,2495.0,Atlantic,0.26,16.1783,501.26,48.7289,7.30876,6.66719,,LeVoyer_S2,,,,,0,,,,,0,,,,,0,0.0
VG5763,VG5763,-56.61,-4.45,3095.0,Atlantic,0.56,16.673,206.902,16.2603,3.50338,4.64133,0.70278,LeVoyer_S2,,,,,0,,,,,0,,,,,0,0.0
MELVULC5024017,MELVULC-5-024-017,-56.043,-4.702,3227.0,Atlantic,,,106.039,37.91,7.044,5.38189,,LeVoyer_S2,,,,,0,,,,,0,,,,,0,0.0
VG5761,VG5761,-56.04,-4.7,3295.0,Atlantic,0.41,22.2677,213.47,38.3204,7.17598,5.34009,,LeVoyer_S2,,,,,0,,,,,0,,,,,0,0.0
VG5760,VG5760,-56.04,-4.7,3295.0,Atlantic,0.47,22.0172,335.873,37.9095,7.04383,5.38194,,LeVoyer_S2,,,,,0,,,,,0,,,,,0,0.0
VG5697,VG5697,-55.84,-4.42,3980.0,Atlantic,0.2,11.5782,193.013,17.4093,3.31379,5.25358,,LeVoyer_S2,,,,,0,,,,,0,,,,,0,0.0
VG5696,VG5696,-55.84,-4.42,3980.0,Atlantic,0.2,10.362,184.123,17.0877,3.45093,4.95163,,LeVoyer_S2,,,,,0,,,,,0,,,,,0,0.0
VG5699,VG5699,-55.84,-4.42,3980.0,Atlantic,0.22,11.8728,126.176,21.2811,4.2143,5.04973,,LeVoyer_S2,,,,,0,,,,,0,,,,,0,0.0
VG5690,VG5690,-55.83,-4.42,4782.0,Atlantic,0.29,16.097,172.738,28.6135,5.93551,4.82073,,LeVoyer_S2,,,,,0,,,,,0,,,,,0,0.0
VG5691,VG5691,-55.83,-4.42,4782.0,Atlantic,0.25,15.8033,184.387,32.3922,5.89205,5.49761,,LeVoyer_S2,,,,,0,,,,,0,,,,,0,0.0
CHN01154001001,CHN0115-4-001-001,-54.598,-0.968,2328.0,Atlantic,,,158.195,,,,0.70323,LeVoyer_S2,,,,,0,,,,,0,,,,,0,0.0
ANS0018060001,ANS0018-060-001,-54.42,-1.36,2100.0,Atlantic,,,180.158,9.0,1.01,8.91089,,LeVoyer_S2,,,,,0,,,,,0,,,,,0,0.0
AII01077006020,AII0107-7-006-020,-41.248,-16.603,2420.0,Atlantic,0.163,9.66,245.646,14.18,2.364,5.99831,0.703157,LeVoyer_S2,,,,,0,,,,,0,,,,,0,13.7
AII01077010001,AII0107-7-010-001,-38.882,-16.24,1954.0,Atlantic,,,176.916,27.03,3.923,6.89014,0.703162,LeVoyer_S2,,,,,0,,,,,0,,,,,0,0.6
AII01077013001,AII0107-7-013-001,-37.833,-17.142,1885.0,Atlantic,,,168.737,12.98,2.262,5.73828,0.702937,LeVoyer_S2,,,,,0,,,,,0,,,,,0,0.9
WASPLUM5058,WASPLUM-5-058,-33.806,-14.544,3754.0,Atlantic,,,196.537,,,,,LeVoyer_S2,,,,,0,,,,,0,,,,,0,0.0
VG7301,VG7301,-33.72,-14.25,1489.0,Atlantic,0.0414547,2.44704,186.553,1.74867,0.357705,4.88858,,LeVoyer_S2,,,,,0,,,,,0,,,,,0,0.0
WASPLUM5050001,WASPLUM-5-050-001,-33.695,-14.571,4050.0,Atlantic,0.256,,169.407,,2.8,,,LeVoyer_S2,,,,,0,,,,,0,,,,,0,0.0
WASPLUM5050002,WASPLUM-5-050-002,-33.695,-14.571,4050.0,Atlantic,,,190.881,14.864,2.579,5.76347,,LeVoyer_S2,,,,,0,,,,,0,,,,,0,0.0
WASPLUM5R006,WASPLUM-5-R006,-33.039,-14.416,2546.0,Atlantic,,,161.241,,,,,LeVoyer_S2,,,,,0,,,,,0,,,,,0,0.0
WASPLUM5R005,WASPLUM-5-R005,-33.038,-14.48,2473.0,Atlantic,,,186.836,,,,,LeVoyer_S2,,,,,0,,,,,0,,,,,0,0.0
SMARTAS013001,SMARTAS-013-001,-32.1842,-13.639,4211.0,Atlantic,0.091,8.08459,123.797,1.91475,0.657297,2.91307,,LeVoyer_S2,,,,,0,,,,,0,,,,,0,0.0
WASPLUM5062001,WASPLUM-5-062-001,-32.074,-13.304,3760.0,Atlantic,,,124.153,25.114,6.248,4.01953,,LeVoyer_S2,,,,,0,,,,,0,,,,,0,0.0
WASPLUM5063001,WASPLUM-5-063-001,-31.986,-13.323,3724.0,Atlantic,,,112.56,22.129,5.161,4.28773,,LeVoyer_S2,,,,,0,,,,,0,,,,,0,0.0
VG191,VG191,-21.93,-11.81,3767.0,Atlantic,0.0932975,5.24068,175.071,1.19906,0.583655,2.0544,,LeVoyer_S2,380,400,20,1.8,1,,,,,0,,,,,0,1.8
VG195,VG195,-21.87,-11.85,3584.0,Atlantic,0.151864,9.0882,170.62,1.7297,0.993476,1.74106,,LeVoyer_S2,380,400,20,2.7,1,,,,,0,,,,,0,2.7
VG196,VG196,-21.87,-11.85,3584.0,Atlantic,0.131104,7.65149,178.026,1.72703,0.95267,1.81283,,LeVoyer_S2,380,400,20,2.7,1,,,,,0,,,,,0,2.7
END0063002,END0063-002,-21.5,-11.82,3460.0,Atlantic,,,167.1,,,,,LeVoyer_S2,380,400,20,3.9,1,,,,,0,,,,,0,3.9
EN0632D5G,EN063 2D-5g,-21.498,-11.822,3460.0,Atlantic,0.118,7.49497,168.625,2.09545,0.91234,2.29679,,LeVoyer_S2,380,400,20,5.5,1,,,,,0,,,,,0,5.5
END0061018,END0061-018,-15.463,-13.262,2860.0,Atlantic,,,157.439,,,,,LeVoyer_S2,380,400,20,1376.1,1,380,400,20,1376.1,1,380,400,20,1376.1,1,1437.0
EN0612D1,EN061-2D-1,-2.24,-12.4,3885.0,Atlantic,0.119,6.15086,142.732,2.53132,0.924707,2.73743,,LeVoyer_S2,380,400,20,119.5,1,380,400,20,119.5,1,380,400,20,119.5,1,1037.4
RC28062D1,RC2806-2D-1,-2.18,-12.64,3857.0,Atlantic,0.095,7.73298,209.171,4.25875,1.13962,3.737,,LeVoyer_S2,380,400,20,90.6,1,380,400,20,90.6,1,380,400,20,90.6,1,996.9
RC28063D2G,RC2806-3D-2g,-1.843,-12.955,3800.0,Atlantic,0.344031,10.8034,193.469,54.9883,6.88259,7.98947,0.702591,LeVoyer_S2,380,400,20,37.3,1,380,400,20,37.3,1,,,,,0,852.8
RC280613D3G,RC2806-13D-3g,-1.365,-15.919,4580.0,Atlantic,0.284513,12.5578,318.446,24.263,4.42813,5.47928,0.702631,LeVoyer_S2,,,,,0,,,,,0,,,,,0,31.9
RC28065D1G,RC2806-5D-1g,-1.162,-13.068,3975.0,Atlantic,0.303965,10.2434,122.85,37.3615,5.03671,7.41785,0.702498,LeVoyer_S2,380,400,20,24.2,1,380,400,20,24.2,1,,,,,0,792.7
VG3629,VG3629,-1.12,-24.58,4896.0,Atlantic,0.325285,12.4092,297.372,12.7231,2.87506,4.42532,0.70261,LeVoyer_S2,,,,,0,,,,,0,,,,,0,0.0
VG3628,VG3628,-1.12,-24.58,4896.0,Atlantic,0.321631,12.4153,340.323,12.7268,2.89238,4.40012,0.70261,LeVoyer_S2,,,,,0,,,,,0,,,,,0,0.0
RC280610D6G,RC2806-10D-6g,-1.062,-15.976,4000.0,Atlantic,0.305013,10.5891,296.743,25.4959,4.53491,5.62213,0.702504,LeVoyer_S2,,,,,0,,,,,0,,,,,0,25.9
RC280619D1G,RC2806-19D-1g,-1.013,-24.604,3690.0,Atlantic,0.28103,9.21956,259.061,12.0636,2.731,4.41729,0.702537,LeVoyer_S2,,,,,0,,,,,0,,,,,0,0.0
RC280623D1G,RC2806-23D-1g,-0.572,-24.612,3362.5,Atlantic,0.287698,11.2018,262.133,15.3904,3.51937,4.37307,0.702505,LeVoyer_S2,,,,,0,,,,,0,,,,,0,0.0
VG3627,VG3627,-0.56,-16.02,3880.0,Atlantic,0.334921,14.4199,226.563,38.4949,6.33861,6.07308,0.70255,LeVoyer_S2,,,,,0,,,,,0,,,,,0,20.9
RC28068D1G,RC2806-8D-1g,-0.405,-16.089,4220.0,Atlantic,0.405687,11.8704,288.044,50.1368,7.04009,7.12161,0.702811,LeVoyer_S2,,,,,0,,,,,0,,,,,0,18.7
RC280616D10G,RC2806-16D-10g,-0.27,-16.235,4095.0,Atlantic,0.390971,15.6838,256.999,48.8967,7.79164,6.27554,0.702692,LeVoyer_S2,,,,,0,,,,,0,,,,,0,10.9
RC280616D5G,RC2806-16D-5g,-0.27,-16.235,4095.0,Atlantic,0.614124,3.38419,528.74,7.12999,1.3159,5.41836,,LeVoyer_S2,,,,,0,,,,,0,,,,,0,10.9
RC280616D1G,RC2806-16D-1g,-0.27,-16.235,4095.0,Atlantic,0.540893,3.87362,552.652,7.08933,1.36648,5.18802,0.70246,LeVoyer_S2,,,,,0,,,,,0,,,,,0,10.9
RC280616D4G,RC2806-16D-4g,-0.27,-16.235,4095.0,Atlantic,0.320937,6.06984,341.763,15.0196,2.77401,5.41442,,LeVoyer_S2,,,,,0,,,,,0,,,,,0,10.9
RC280616D6G,RC2806-16D-6g,-0.27,-16.235,4095.0,Atlantic,0.279604,5.05931,232.262,14.5366,2.50468,5.80376,,LeVoyer_S2,,,,,0,,,,,0,,,,,0,10.9
RC280625D2G,RC2806-25D-2g,-0.151,-24.813,3845.0,Atlantic,0.443705,11.4991,304.82,14.3665,3.71558,3.86655,0.702502,LeVoyer_S2,,,,,0,,,,,0,,,,,0,0.0
RC280618D1G,RC2806-18D-1g,-0.044,-16.467,3836.5,Atlantic,0.639072,21.4907,293.173,91.1216,14.2437,6.39733,0.702595,LeVoyer_S2,,,,,0,,,,,0,,,,,0,6.1
RC280618D2G,RC2806-18D-2g,-0.044,-16.467,3836.5,Atlantic,0.664591,19.5282,249.284,89.5722,14.1128,6.34687,,LeVoyer_S2,,,,,0,,,,,0,,,,,0,6.1
RC280618D3G,RC2806-18D-3g,-0.044,-16.467,3836.5,Atlantic,0.605017,20.6368,287.984,88.6378,13.7202,6.46041,,LeVoyer_S2,,,,,0,,,,,0,,,,,0,6.1
RC280626D1G,RC2806-26D-1g,0.037,-24.872,3950.0,Atlantic,0.474042,13.86,385.861,28.4366,6.64739,4.27786,0.702473,LeVoyer_S2,,,,,0,,,,,0,,,,,0,0.0
RC280626D6G,RC2806-26D-6g,0.037,-24.872,3950.0,Atlantic,0.445097,14.0806,256.831,28.3125,6.53985,4.32922,,LeVoyer_S2,,,,,0,,,,,0,,,,,0,0.0
RC280628D1AG,RC2806-28D-1Ag,0.365,-24.973,3989.0,Atlantic,0.276736,8.21952,316.107,20.245,3.80348,5.32275,0.702541,LeVoyer_S2,,,,,0,,,,,0,,,,,0,0.0
RC280631D1G,RC2806-31D-1g,0.654,-25.455,4414.0,Atlantic,0.55865,13.7919,342.022,10.7785,3.31455,3.25188,0.70267,LeVoyer_S2,,,,,0,,,,,0,,,,,0,0.0
RC280635D2G,RC2806-35D-2g,0.789,-30.4,3740.0,Atlantic,0.435839,17.785,311.97,63.0802,10.9088,5.7825,0.702792,LeVoyer_S2,,,,,0,,,,,0,,,,,0,0.0
RC280635D8G,RC2806-35D-8g,0.789,-30.4,3740.0,Atlantic,0.455895,17.0774,318.924,66.119,11.105,5.95398,0.702832,LeVoyer_S2,,,,,0,,,,,0,,,,,0,0.0
RC280635D4G,RC2806-35D-4g,0.789,-30.4,3740.0,Atlantic,0.482551,15.4678,347.101,68.0292,10.8749,6.25564,0.702804,LeVoyer_S2,,,,,0,,,,,0,,,,,0,0.0
RC280635D1G,RC2806-35D-1g,0.789,-30.4,3740.0,Atlantic,0.427283,13.3977,328.051,58.5117,9.12222,6.4142,0.702796,LeVoyer_S2,,,,,0,,,,,0,,,,,0,0.0
RC280632D1G,RC2806-32D-1g,0.821,-26.352,4665.0,Atlantic,0.456418,11.4342,336.681,17.9342,3.96172,4.52687,0.702536,LeVoyer_S2,,,,,0,,,,,0,,,,,0,0.0
RC280636D1G,RC2806-36D-1g,0.954,-30.416,3285.0,Atlantic,0.358697,12.7464,266.958,58.9493,8.75069,6.73653,0.702801,LeVoyer_S2,,,,,0,,,,,0,,,,,0,0.0
RC280633D1G,RC2806-33D-1g,0.986,-27.691,4470.0,Atlantic,0.889368,33.1578,405.058,139.877,23.5523,5.93898,0.702724,LeVoyer_S2,,,,,0,,,,,0,,,,,0,0.0
RC280634D1G,RC2806-34D-1g,1.023,-27.702,4530.0,Atlantic,0.890385,25.652,268.223,142.529,20.3979,6.98744,0.70283,LeVoyer_S2,,,,,0,,,,,0,,,,,0,0.0
RC280634D2G,RC2806-34D-2g,1.023,-27.702,4530.0,Atlantic,0.873036,26.6128,399.171,148.642,20.8524,7.1283,,LeVoyer_S2,,,,,0,,,,,0,,,,,0,0.0
RC280637D1G,RC2806-37D-1g,1.096,-30.437,3345.0,Atlantic,0.49188,20.5727,245.061,84.0804,13.7262,6.12553,0.702919,LeVoyer_S2,,,,,0,,,,,0,,,,,0,0.0
RC280640D9G,RC2806-40D-9g,1.704,-30.64,3515.0,Atlantic,0.894826,32.7499,281.411,208.666,30.0547,6.94287,0.703003,LeVoyer_S2,,,,,0,,,,,0,,,,,0,0.0
RC280641D1G,RC2806-41D-1g,1.93,-30.639,3190.0,Atlantic,0.719328,21.4141,239.094,129.653,18.2066,7.12122,0.702915,LeVoyer_S2,,,,,0,,,,,0,,,,,0,0.0
RC280642D7G,RC2806-42D-7g,2.176,-30.676,3440.0,Atlantic,0.775875,26.0485,273.23,143.839,21.5842,6.66408,0.702894,LeVoyer_S2,,,,,0,,,,,0,,,,,0,0.0
RC280644D1G,RC2806-44D-1g,2.867,-31.268,3513.0,Atlantic,0.212078,6.11321,335.913,17.4944,3.06702,5.70403,0.702614,LeVoyer_S2,,,,,0,,,,,0,,,,,0,0.0
RC280645D1G,RC2806-45D-1g,2.87,-31.345,3070.0,Atlantic,0.430336,20.991,297.858,69.5646,12.6609,5.49444,0.702813,LeVoyer_S2,,,,,0,,,,,0,,,,,0,0.0
RC280647D1G,RC2806-47D-1g,3.132,-31.364,3815.0,Atlantic,0.377022,14.5663,346.919,33.0481,6.12343,5.39699,0.702659,LeVoyer_S2,,,,,0,,,,,0,,,,,0,0.0
RC280648D9G,RC2806-48D-9g,3.458,-31.49,3895.5,Atlantic,0.283382,8.36,205.01,27.91,4.4,6.34318,0.70274,LeVoyer_S2,,,,,0,,,,,0,,,,,0,0.0
RC280649D1G,RC2806-49D-1g,3.701,-31.513,3737.5,Atlantic,0.208884,7.11082,258.833,7.32776,1.68413,4.35108,0.702586,LeVoyer_S2,,,,,0,,,,,0,,,,,0,0.0
RC280654D1G,RC2806-54D-1g,3.934,-31.556,4471.0,Atlantic,0.252699,6.57112,338.973,12.0004,2.19465,5.46802,0.702669,LeVoyer_S2,,,,,0,,,,,0,,,,,0,0.0
RC280659D1G,RC2806-59D-1g,4.195,-32.578,4120.0,Atlantic,0.2843,8.61883,293.756,16.6977,2.91676,5.72474,0.702583,LeVoyer_S2,,,,,0,,,,,0,,,,,0,0.0
RC280656D3G,RC2806-56D-3g,4.613,-32.665,3417.0,Atlantic,0.160675,5.18123,384.559,7.0268,1.26255,5.56556,0.702683,LeVoyer_S2,,,,,0,,,,,0,,,,,0,0.0
RC280655D3G,RC2806-55D-3g,4.907,-32.688,3530.0,Atlantic,0.33697,9.76198,329.859,32.7328,5.47423,5.97944,0.702664,LeVoyer_S2,,,,,0,,,,,0,,,,,0,0.0
VG3577,VG3577,5.92,-33.25,3611.0,Atlantic,0.241518,10.4813,310.11,9.70077,2.28655,4.24253,,LeVoyer_S2,,,,,0,,,,,0,,,,,0,0.0
VG3615,VG3615,6.01,-33.28,1750.0,Atlantic,0.487307,14.5861,321.408,24.9211,4.78847,5.2044,,LeVoyer_S2,,,,,0,,,,,0,,,,,0,0.0
VG3614,VG3614,6.01,-33.28,1750.0,Atlantic,0.467783,14.0385,230.428,25.6751,4.69759,5.4656,,LeVoyer_S2,,,,,0,,,,,0,,,,,0,0.0
VG3590,VG3590,6.01,-33.28,1750.0,Atlantic,0.457771,14.2427,345.186,25.9078,4.68038,5.53541,,LeVoyer_S2,,,,,0,,,,,0,,,,,0,0.0
VG3591,VG3591,7.15,-33.97,4450.0,Atlantic,0.402117,16.73,333.215,20.2644,4.73265,4.28183,,LeVoyer_S2,,,,,0,,,,,0,,,,,0,0.0
VG3592,VG3592,7.82,-38.04,2880.0,Atlantic,0.365681,14.1063,334.09,11.2517,3.39686,3.31237,,LeVoyer_S2,280,320,40,28.8,2,300,320,20,24.4,1,,,,,0,28.8
VG3616,VG3616,11.07,-44.22,4370.0,Atlantic,0.280986,12.22,259.233,6.54562,2.036,3.21493,,LeVoyer_S2,240,320,80,1653.0,4,240,300,60,1651.7,3,240,280,40,1634.6,2,1653.0
VG3593,VG3593,11.07,-44.22,4370.0,Atlantic,0.269105,12.1697,240.356,6.48437,1.99131,3.25634,,LeVoyer_S2,240,320,80,1653.0,4,240,300,60,1651.7,3,240,280,40,1634.6,2,1653.0
VG3594,VG3594,11.4,-43.5,4100.0,Atlantic,0.228199,11.8964,221.128,7.03011,1.96,3.58679,,LeVoyer_S2,240,320,80,955.8,4,240,300,60,953.7,3,240,280,40,939.7,2,955.8
VG3596,VG3596,11.42,-43.58,2650.0,Atlantic,0.179237,10.0887,229.94,4.90043,1.51109,3.24299,,LeVoyer_S2,240,320,80,1128.6,4,240,300,60,1127.0,3,240,280,40,1114.8,2,1128.6
VG3579,VG3579,11.48,-43.63,3686.0,Atlantic,0.213695,9.59908,222.746,4.31151,1.71213,2.51822,0.70232,LeVoyer_S2,240,320,80,1128.6,4,240,300,60,1127.0,3,240,280,40,1114.8,2,1128.6
VG3622,VG3622,11.48,-43.63,3400.0,Atlantic,0.248453,11.1541,213.068,8.76484,2.0669,4.24057,0.702699,LeVoyer_S2,240,320,80,1128.6,4,240,300,60,1127.0,3,240,280,40,1114.8,2,1128.6
VG3623,VG3623,11.48,-43.63,3400.0,Atlantic,0.252198,11.2085,177.661,8.96275,2.11614,4.23543,0.702699,LeVoyer_S2,240,320,80,1128.6,4,240,300,60,1127.0,3,240,280,40,1114.8,2,1128.6
VG3621,VG3621,11.48,-43.63,3400.0,Atlantic,0.237108,11.1283,191.822,8.95921,2.11083,4.2444,0.702699,LeVoyer_S2,240,320,80,1128.6,4,240,300,60,1127.0,3,240,280,40,1114.8,2,1128.6
VG3595,VG3595,11.52,-43.6,3000.0,Atlantic,0.189054,9.78214,198.015,5.18784,1.51151,3.43222,,LeVoyer_S2,240,300,60,1138.8,3,240,280,40,1131.1,2,240,280,40,1131.1,2,1139.8
VG3625,VG3625,11.52,-43.6,3000.0,Atlantic,0.171069,9.73162,222.62,5.19151,1.3805,3.76059,,LeVoyer_S2,240,300,60,1138.8,3,240,280,40,1131.1,2,240,280,40,1131.1,2,1139.8
VG3620,VG3620,11.97,-43.7,4600.0,Atlantic,0.207115,10.1658,193.867,5.37787,1.58829,3.38595,,LeVoyer_S2,240,300,60,1344.0,3,240,280,40,1341.9,2,240,280,40,1341.9,2,1344.3
VG3617,VG3617,11.97,-43.7,4600.0,Atlantic,0.202682,10.4884,175.787,6.69256,1.89843,3.52532,,LeVoyer_S2,240,300,60,1344.0,3,240,280,40,1341.9,2,240,280,40,1341.9,2,1344.3
ABP1985040002,ABP1985-040-002,12.42,-44.11,4375.0,Atlantic,0.159,10.7222,203.736,4.86387,102.821,,,LeVoyer_S2,240,280,40,1678.0,2,240,280,40,1678.0,2,240,280,40,1678.0,2,1678.5
ABP1985040,ABP1985-040,12.42,-44.11,4375.0,Atlantic,0.166,11.088,214.685,5.0795,1.29744,3.915,,LeVoyer_S2,240,280,40,1678.0,2,240,280,40,1678.0,2,240,280,40,1678.0,2,1678.5
2D43,2πD43,13.5,-45.0,3770.0,Atlantic,0.662414,35.2907,149.712,188.86,27.2849,6.92177,0.702745,LeVoyer_S2,240,280,40,1891.1,4,240,280,40,1891.1,2,240,280,40,1891.1,2,1893.7
ABP1985043G,ABP1985-043-G,13.733,-44.988,3620.0,Atlantic,0.47,,187.702,,,,,LeVoyer_S2,240,280,40,1776.2,4,240,280,40,1776.2,2,240,280,40,1776.2,2,1779.9
ABP1985043,ABP1985-043,13.733,-44.988,3620.0,Atlantic,,,148.291,,,,,LeVoyer_S2,240,280,40,1776.2,4,240,280,40,1776.2,2,240,280,40,1776.2,2,1779.9
KNO0054ST063D034091,KNO0054-ST063-D034-091,18.58,-81.72,4628.0,Atlantic,0.46,,229.286,,7.4201,,,LeVoyer_S2,60,100,40,887.6,2,60,100,40,887.6,2,60,100,40,887.6,2,887.6
VG291,VG291,22.17,-45.25,3100.0,Atlantic,0.345688,13.6032,173.679,13.5801,3.53714,3.83929,,LeVoyer_S2,220,280,60,2911.4,6,220,280,60,2911.4,6,220,260,40,2891.7,4,3386.4
VG286,VG286,22.17,-45.25,3100.0,Atlantic,0.248015,14.9937,222.533,6.12578,3.21902,1.903,,LeVoyer_S2,220,280,60,2911.4,6,220,280,60,2911.4,6,220,260,40,2891.7,4,3386.4
VG287,VG287,22.17,-45.25,3100.0,Atlantic,0.22266,12.8202,185.167,11.5175,3.06063,3.76312,,LeVoyer_S2,220,280,60,2911.4,6,220,280,60,2911.4,6,220,260,40,2891.7,4,3386.4
VG923,VG923,22.24,-45.02,3150.0,Atlantic,0.276148,12.6745,296.879,7.87448,2.72094,2.89403,,LeVoyer_S2,220,280,60,2891.8,6,220,280,60,2891.8,6,220,260,40,2876.9,4,3247.4
VG931,VG931,22.24,-45.02,3150.0,Atlantic,0.272431,12.5335,270.158,7.97756,2.67368,2.98374,,LeVoyer_S2,220,280,60,2891.8,6,220,280,60,2891.8,6,220,260,40,2876.9,4,3247.4
VG930,VG930,22.24,-45.02,3150.0,Atlantic,0.367046,12.3635,226.772,7.77756,2.57935,3.01531,,LeVoyer_S2,220,280,60,2891.8,6,220,280,60,2891.8,6,220,260,40,2876.9,4,3247.4
VG929,VG929,22.24,-45.02,3150.0,Atlantic,0.347667,12.869,212.491,9.14687,2.99382,3.05525,,LeVoyer_S2,220,280,60,2891.8,6,220,280,60,2891.8,6,220,260,40,2876.9,4,3247.4
VG922,VG922,22.24,-45.02,3150.0,Atlantic,0.304738,13.4381,254.122,9.49938,3.11057,3.0539,,LeVoyer_S2,220,280,60,2891.8,6,220,280,60,2891.8,6,220,260,40,2876.9,4,3247.4
VG294,VG294,22.24,-45.02,3150.0,Atlantic,0.286407,13.4786,165.413,9.62696,2.93006,3.28558,,LeVoyer_S2,220,280,60,2891.8,6,220,280,60,2891.8,6,220,260,40,2876.9,4,3247.4
VG4259,VG4259,22.45,-45.02,2676.0,Atlantic,0.218932,10.1572,217.362,4.30142,1.93607,2.22173,,LeVoyer_S2,220,280,60,3074.9,6,220,280,60,3074.9,6,220,260,40,3057.3,4,3447.4
VG290,VG290,22.483,-45.05,1985.0,Atlantic,0.207832,9.85664,217.876,3.70919,1.77807,2.08608,,LeVoyer_S2,220,280,60,3074.9,6,220,280,60,3074.9,6,220,260,40,3057.3,4,3447.4
VG293,VG293,22.8,-45.2,2600.0,Atlantic,0.321896,12.9444,215.543,7.99724,2.86209,2.7942,,LeVoyer_S2,220,280,60,3378.5,6,220,280,60,3378.5,6,220,260,40,3348.4,4,3916.3
NORSDM2R001,NORSDM2-R001,22.806,-44.9335,3500.0,Atlantic,,,210.855,7.12,2.57,2.77043,,LeVoyer_S2,220,280,60,3400.6,6,220,280,60,3400.6,6,220,260,40,3377.3,4,3807.5
KNO0115022,KNO0115-022,22.84,-45.0183,3505.0,Atlantic,,,248.675,9.0,,,,LeVoyer_S2,220,280,60,3400.6,6,220,280,60,3400.6,6,220,260,40,3377.3,4,3807.5
KNO0115021A,KNO0115-021-A,23.08,-44.99,3083.0,Atlantic,,,204.754,8.5,,,,LeVoyer_S2,220,280,60,3529.4,6,220,280,60,3529.4,6,220,260,40,3503.2,4,3954.0
KNO0115017,KNO0115-017,23.195,-44.975,3470.0,Atlantic,,,228.285,5.6,,,,LeVoyer_S2,220,280,60,3628.0,6,220,280,60,3628.0,6,220,260,40,3599.0,4,4070.4
KNO0115013A,KNO0115-013-A,23.462,-44.93,3780.0,Atlantic,,,197.889,11.6,,,,LeVoyer_S2,220,280,60,3693.0,6,220,280,60,3693.0,6,220,260,40,3661.4,4,4153.5
VG754,VG754,23.563,-44.83,4815.0,Atlantic,0.31234,13.3425,232.864,9.15991,3.27242,2.79912,,LeVoyer_S2,220,280,60,3780.7,6,220,280,60,3780.7,6,220,260,40,3754.7,3,4141.3
KNO0115011,KNO0115-011,23.578,-44.9,4770.0,Atlantic,,,234.094,6.439,2.137,3.0131,,LeVoyer_S2,220,280,60,3723.2,6,220,280,60,3723.2,6,220,260,40,3689.4,4,4202.0
AII00963014003,AII0096-3-014-003,23.603,-45.027,2700.0,Atlantic,0.247,10.38,233.231,9.366,2.337,4.0077,,LeVoyer_S2,220,280,60,3723.2,6,220,280,60,3723.2,6,220,260,40,3689.4,4,4202.0
KNO0115025,KNO0115-025,23.6163,-44.8883,5100.0,Atlantic,,,220.827,8.516,3.086,2.75956,,LeVoyer_S2,220,280,60,3780.7,6,220,280,60,3780.7,6,220,260,40,3754.7,3,4141.3
VG3838,VG3838,23.62,-45.04,4820.0,Atlantic,0.208875,9.72833,237.958,6.90816,2.0156,3.42735,,LeVoyer_S2,220,280,60,3723.2,6,220,280,60,3723.2,6,220,260,40,3689.4,4,4202.0
GIL0104029001,GIL0104-029-001,23.647,-44.802,3620.0,Atlantic,0.378,,214.708,,2.9154,,,LeVoyer_S2,220,280,60,3780.7,6,220,280,60,3780.7,6,220,260,40,3754.7,3,4141.3
VG3832,VG3832,24.16,-46.27,3970.0,Atlantic,0.275294,10.9724,238.2,19.7756,3.77092,5.24423,,LeVoyer_S2,200,380,180,4767.4,8,220,280,60,2946.7,6,220,280,60,2946.7,6,4802.1
VG3831,VG3831,24.16,-46.27,3970.0,Atlantic,0.273542,10.9513,249.315,19.7503,3.77725,5.22876,0.7025,LeVoyer_S2,200,380,180,4767.4,8,220,280,60,2946.7,6,220,280,60,2946.7,6,4802.1
VG3830,VG3830,24.18,-46.28,4090.0,Atlantic,0.372304,14.1642,245.737,14.0483,3.29081,4.26896,0.70242,LeVoyer_S2,200,380,180,4767.4,8,220,280,60,2946.7,6,220,280,60,2946.7,6,4802.1
CHR0098017,CHR0098-017,24.467,-46.25,4350.0,Atlantic,0.42,,250.116,,,,,LeVoyer_S2,200,380,180,4696.6,8,220,280,60,2848.5,6,220,280,60,2848.5,6,4728.9
VG760,VG760,25.4,-45.3,3274.0,Atlantic,0.26498,10.3777,244.887,7.87415,2.48635,3.16695,,LeVoyer_S2,200,280,80,3070.9,7,220,280,60,3069.7,6,220,260,40,3029.1,4,3881.7
VG761,VG761,25.4,-45.3,3274.0,Atlantic,0.255551,10.4354,262.849,7.77045,2.17415,3.57402,,LeVoyer_S2,200,280,80,3070.9,7,220,280,60,3069.7,6,220,260,40,3029.1,4,3881.7
NORGMRO011A,NORGMRO-011-A,25.4203,-36.2167,2150.0,Atlantic,,,244.393,,,,,LeVoyer_S2,240,260,20,9.1,1,,,,,0,,,,,0,9.1
VG990,VG990,25.77,-45.16,4304.0,Atlantic,0.273847,13.1126,255.336,25.9105,4.99116,5.19129,,LeVoyer_S2,200,280,80,3015.7,7,220,280,60,3013.3,6,220,260,40,2978.7,5,3863.3
AII01295002003,AII0129-5-002-003,26.113,-44.803,,Atlantic,,,208.842,,,,,LeVoyer_S2,200,280,80,3133.2,7,220,280,60,3131.2,6,220,260,40,3114.9,3,3692.6
N1,N-1,28.88,-43.33,3566.0,Atlantic,,,215.375,,,,,LeVoyer_S2,200,260,60,1692.6,6,220,260,40,1689.2,3,220,260,40,1689.2,3,1784.6
VG3078,VG3078,28.9,-43.32,3701.0,Atlantic,0.234515,4.58831,510.309,2.23186,0.818711,2.72607,,LeVoyer_S2,200,260,60,1692.6,6,220,260,40,1689.2,3,220,260,40,1689.2,3,1784.6
VG3077,VG3077,28.9,-43.32,3701.0,Atlantic,0.287855,4.65729,561.881,2.26978,0.803753,2.82398,,LeVoyer_S2,200,260,60,1692.6,6,220,260,40,1689.2,3,220,260,40,1689.2,3,1784.6
VG3092,VG3092,28.9,-43.32,3701.0,Atlantic,0.251041,4.9194,574.392,2.47537,0.844264,2.93198,,LeVoyer_S2,200,260,60,1692.6,6,220,260,40,1689.2,3,220,260,40,1689.2,3,1784.6
VG3079,VG3079,28.9,-43.32,3701.0,Atlantic,0.256851,4.57127,625.618,2.26834,0.758366,2.99109,,LeVoyer_S2,200,260,60,1692.6,6,220,260,40,1689.2,3,220,260,40,1689.2,3,1784.6
VG3458,VG3458,28.9,-43.32,3701.0,Atlantic,0.279034,4.8579,567.37,2.46747,0.829918,2.97315,,LeVoyer_S2,200,260,60,1692.6,6,220,260,40,1689.2,3,220,260,40,1689.2,3,1784.6
VG3071,VG3071,28.9,-43.32,3701.0,Atlantic,0.289838,4.63283,638.046,2.43759,0.808698,3.01421,,LeVoyer_S2,200,260,60,1692.6,6,220,260,40,1689.2,3,220,260,40,1689.2,3,1784.6
VG3074,VG3074,28.9,-43.32,3701.0,Atlantic,0.270437,4.76649,585.049,2.42996,0.807784,3.00818,,LeVoyer_S2,200,260,60,1692.6,6,220,260,40,1689.2,3,220,260,40,1689.2,3,1784.6
VG3075,VG3075,28.9,-43.32,3701.0,Atlantic,0.290935,4.55978,599.61,2.38287,0.777245,3.06579,,LeVoyer_S2,200,260,60,1692.6,6,220,260,40,1689.2,3,220,260,40,1689.2,3,1784.6
VG3456,VG3456,28.9,-43.32,3701.0,Atlantic,0.281452,4.81074,528.459,2.50162,0.847862,2.9505,,LeVoyer_S2,200,260,60,1692.6,6,220,260,40,1689.2,3,220,260,40,1689.2,3,1784.6
VG3090,VG3090,28.9,-43.32,3701.0,Atlantic,0.261427,4.94697,549.362,2.69295,0.856775,3.14312,,LeVoyer_S2,200,260,60,1692.6,6,220,260,40,1689.2,3,220,260,40,1689.2,3,1784.6
VG3073,VG3073,28.9,-43.32,3701.0,Atlantic,0.286554,4.56228,253.642,2.45392,0.823809,2.97875,,LeVoyer_S2,200,260,60,1692.6,6,220,260,40,1689.2,3,220,260,40,1689.2,3,1784.6
VG3076,VG3076,28.9,-43.32,3701.0,Atlantic,0.260291,4.73806,290.955,2.51887,0.853019,2.95289,,LeVoyer_S2,200,260,60,1692.6,6,220,260,40,1689.2,3,220,260,40,1689.2,3,1784.6
ALV2601,ALV2601,29.095,-43.193,3155.0,Atlantic,,,618.075,,,,,LeVoyer_S2,200,260,60,1693.2,6,220,260,40,1690.5,3,220,260,40,1690.5,3,1758.2
CHR0098012,CHR0098-012,30.167,-41.917,2300.0,Atlantic,0.24,10.5,511.114,7.497,1.694,4.42562,0.702539,LeVoyer_S2,220,260,40,1984.9,3,220,260,40,1984.9,2,220,260,40,1984.9,2,1991.1
VG5491,VG5491,30.68,-41.82,3640.0,Atlantic,0.340119,,228.571,,,,0.70254,LeVoyer_S2,220,260,40,1874.7,3,220,260,40,1874.7,2,220,260,40,1874.7,2,1879.0
CHR0098011,CHR0098-011,30.683,-41.817,3500.0,Atlantic,0.27,9.91,236.727,8.26,1.7,4.85882,0.70254,LeVoyer_S2,220,260,40,1874.7,3,220,260,40,1874.7,2,220,260,40,1874.7,2,1879.0
VG5490,VG5490,30.7,-41.83,3640.0,Atlantic,0.234514,9.90652,245.447,8.26227,1.70278,4.85221,0.70254,LeVoyer_S2,220,260,40,1874.7,3,220,260,40,1874.7,2,220,260,40,1874.7,2,1879.0
TRI0123005003,TRI0123-005-003,32.62,-39.87,2700.0,Atlantic,,,272.452,8.47,1.54,5.5,,LeVoyer_S2,220,260,40,254.4,2,220,260,40,254.4,2,220,260,40,254.4,2,254.5
D01A,D01.A,33.17,-39.2478,2710.0,Atlantic,0.169,6.8156,278.178,7.51928,1.37902,5.45263,0.702745,LeVoyer_S2,220,260,40,79.9,2,220,260,40,79.9,2,240,260,20,52.4,1,79.9
RC02,RC02                                                                            ,33.3412,-39.141,2097.0,Atlantic,,,247.96,,,,,LeVoyer_S2,220,260,40,70.8,2,220,260,40,70.8,2,,,,,0,70.8
RC03,RC03                                                                            ,33.476,-39.132,2497.0,Atlantic,,,441.552,,,,,LeVoyer_S2,220,260,40,70.8,2,220,260,40,70.8,2,,,,,0,70.8
D55A,D55.A,33.7225,-37.7807,3860.0,Atlantic,0.142,5.09135,331.081,13.937,2.43182,5.73109,0.702973,LeVoyer_S2,220,260,40,4.1,2,,,,,0,,,,,0,4.1
RC152,RC152,33.8143,-37.7415,3388.0,Atlantic,,,278.904,,,,,LeVoyer_S2,220,260,40,4.1,2,,,,,0,,,,,0,4.1
RC151A,RC151.A,33.8843,-37.7138,3167.0,Atlantic,,,237.674,,,,,LeVoyer_S2,220,260,40,4.1,2,,,,,0,,,,,0,4.1
RC150,RC150,33.9435,-37.6953,3043.0,Atlantic,,,342.956,,,,,LeVoyer_S2,240,260,20,1.4,1,,,,,0,,,,,0,2.3
RC06,RC06                                                                            ,33.9733,-37.6883,3073.0,Atlantic,,,272.323,,,,,LeVoyer_S2,240,260,20,1.4,1,,,,,0,,,,,0,2.3
RC149,RC149,34.2128,-37.154,3197.0,Atlantic,,,259.815,,,,,LeVoyer_S2,,,,,0,,,,,0,,,,,0,0.7
FF4,FF4,34.385,-37.0873,2855.0,Atlantic,,,247.801,,,,,LeVoyer_S2,,,,,0,,,,,0,,,,,0,0.3
D523,D52-3,34.5745,-36.5163,3000.0,Atlantic,0.234,10.4401,247.981,37.3072,6.42404,5.80744,,LeVoyer_S2,,,,,0,,,,,0,,,,,0,0.1
RC1482,RC148-2,34.6335,-36.5005,2744.0,Atlantic,,,224.136,,,,,LeVoyer_S2,,,,,0,,,,,0,,,,,0,0.1
RC1463,RC146-3,34.7552,-36.4768,2489.0,Atlantic,,,259.726,,,,,LeVoyer_S2,,,,,0,,,,,0,,,,,0,0.0
D501OLMI,D50-1-OLMI,34.838,-36.43,2197.0,Atlantic,,,252.784,,,,,LeVoyer_S2,,,,,0,,,,,0,,,,,0,0.0
RC14,RC14,34.904,-36.4245,2201.0,Atlantic,,17.3116,234.006,72.2213,11.8377,6.10094,,LeVoyer_S2,,,,,0,,,,,0,,,,,0,0.0
D097,D09-7,35.21,-34.77,1790.0,Atlantic,,,82.2242,,,,,LeVoyer_S2,,,,,0,,,,,0,,,,,0,0.0
RC16,RC16,35.2662,-36.3507,3550.0,Atlantic,,13.2377,223.267,54.1429,8.24781,6.56452,0.703019,LeVoyer_S2,,,,,0,,,,,0,,,,,0,0.0
RC19,RC19,35.3218,-34.8822,1981.0,Atlantic,,,156.436,,,,0.703358,LeVoyer_S2,,,,,0,,,,,0,,,,,0,0.0
TRI0119007SG,TRI0119-007-SG,35.33,-34.9,2250.0,Atlantic,,,148.321,,,,,LeVoyer_S2,,,,,0,,,,,0,,,,,0,0.0
D41A,D41.A,35.6655,-34.283,2760.0,Atlantic,0.459,,203.413,,,,,LeVoyer_S2,,,,,0,,,,,0,,,,,0,0.0
TRI0119006010,TRI0119-006-010,35.84,-34.18,2450.0,Atlantic,,,227.742,,,,,LeVoyer_S2,,,,,0,,,,,0,,,,,0,0.0
D102A,D10-2A,35.9447,-34.1671,2329.0,Atlantic,0.204,,254.213,,,,,LeVoyer_S2,,,,,0,,,,,0,,,,,0,0.0
RC130,RC130,35.9915,-34.144,2367.0,Atlantic,,,223.013,,,,,LeVoyer_S2,,,,,0,,,,,0,,,,,0,0.0
D114,D11-4,36.152,-33.9855,3053.0,Atlantic,0.285,,236.159,,,,,LeVoyer_S2,,,,,0,,,,,0,,,,,0,0.0
D116,D11-6,36.152,-33.9855,3053.0,Atlantic,0.266,11.2636,320.114,43.6892,8.26278,5.28747,,LeVoyer_S2,,,,,0,,,,,0,,,,,0,0.0
RC1252,RC125-2,36.3958,-33.6618,2640.0,Atlantic,,,230.825,,,,,LeVoyer_S2,,,,,0,,,,,0,,,,,0,0.0
VG3335,VG3335,36.43,-33.66,2560.0,Atlantic,0.261031,9.50735,224.157,30.5196,5.45702,5.59273,,LeVoyer_S2,,,,,0,,,,,0,,,,,0,0.0
VG3790,VG3790,36.43,-33.65,2627.0,Atlantic,0.309435,10.1475,300.014,33.5945,6.06987,5.53463,,LeVoyer_S2,,,,,0,,,,,0,,,,,0,0.0
ALV0829008,ALV0829-008,36.43,-33.64,2670.0,Atlantic,0.399,17.8,252.771,,,,,LeVoyer_S2,,,,,0,,,,,0,,,,,0,0.0
ALV0829012,ALV0829-012,36.432,-33.642,2670.0,Atlantic,,,274.557,,,,,LeVoyer_S2,,,,,0,,,,,0,,,,,0,0.0
ALV0829013,ALV0829-013,36.432,-33.642,2670.0,Atlantic,,,304.936,,,,,LeVoyer_S2,,,,,0,,,,,0,,,,,0,0.0
VG3961,VG3961,36.44,-33.67,2612.0,Atlantic,0.208425,7.61137,457.984,26.4957,4.12842,6.41788,,LeVoyer_S2,,,,,0,,,,,0,,,,,0,0.0
AII0077016042,AII0077-016-042,36.442,-33.642,2518.0,Atlantic,,,257.039,,,,,LeVoyer_S2,,,,,0,,,,,0,,,,,0,0.0
GIL0103004004,GIL0103-004-004,36.443,-33.6267,2616.0,Atlantic,,,273.834,37.5,7.49,5.00668,,LeVoyer_S2,,,,,0,,,,,0,,,,,0,0.0
VG3799,VG3799,36.45,-33.68,2231.0,Atlantic,0.333014,10.6501,254.084,38.3167,6.60543,5.80079,,LeVoyer_S2,,,,,0,,,,,0,,,,,0,0.0
RC1262A,RC126-2a,36.4598,-33.6205,2267.0,Atlantic,,,312.687,,,,,LeVoyer_S2,,,,,0,,,,,0,,,,,0,0.0
RC1262B,RC126-2b,36.4598,-33.6205,2267.0,Atlantic,,,298.966,,,,,LeVoyer_S2,,,,,0,,,,,0,,,,,0,0.0
VG3967,VG3967,36.46,-33.63,2500.0,Atlantic,0.259625,10.5836,280.439,40.5672,6.92403,5.8589,,LeVoyer_S2,,,,,0,,,,,0,,,,,0,0.0
VG3793,VG3793,36.46,-33.63,2590.0,Atlantic,0.316235,10.7864,500.676,47.3109,7.23823,6.53625,,LeVoyer_S2,,,,,0,,,,,0,,,,,0,0.0
VG3966,VG3966,36.46,-33.62,2500.0,Atlantic,0.249606,9.59664,258.61,37.5609,6.01117,6.24852,,LeVoyer_S2,,,,,0,,,,,0,,,,,0,0.0
VG3965,VG3965,36.46,-33.62,2500.0,Atlantic,0.259954,9.26954,246.298,34.0987,5.04015,6.76541,,LeVoyer_S2,,,,,0,,,,,0,,,,,0,0.0
VG3331,VG3331,36.46,-33.58,2231.0,Atlantic,0.306723,12.4533,295.863,49.7241,8.30032,5.99063,,LeVoyer_S2,,,,,0,,,,,0,,,,,0,0.0
RC1271,RC127-1,36.465,33.629,2510.0,Atlantic,,,260.097,,,,,LeVoyer_S2,0,100,100,4161.5,8,0,100,100,4161.5,6,0,80,80,4125.7,5,4749.5
VG3968,VG3968,36.47,-33.63,2500.0,Atlantic,0.393129,14.6677,245.309,63.724,9.46285,6.73413,,LeVoyer_S2,,,,,0,,,,,0,,,,,0,0.0
RC1281,RC128-1,36.4777,-33.6437,2610.0,Atlantic,,,296.366,,,,,LeVoyer_S2,,,,,0,,,,,0,,,,,0,0.0
RC1283,RC128-3,36.4777,-33.6437,2610.0,Atlantic,,,268.023,,,,,LeVoyer_S2,,,,,0,,,,,0,,,,,0,0.0
VG3964,VG3964,36.48,-33.71,2536.0,Atlantic,0.275693,9.24813,380.702,30.102,4.89246,6.15273,,LeVoyer_S2,,,,,0,,,,,0,,,,,0,0.0
RC1221,RC122-1,36.5197,-33.6203,2626.0,Atlantic,,,400.955,,,,,LeVoyer_S2,,,,,0,,,,,0,,,,,0,0.0
RC26A,RC26.A,36.5602,-33.6112,2738.0,Atlantic,,,298.107,,,,,LeVoyer_S2,,,,,0,,,,,0,,,,,0,0.0
VG3330,VG3330,36.58,-33.52,2437.0,Atlantic,0.232435,9.15199,253.973,38.8796,6.36489,6.10845,,LeVoyer_S2,,,,,0,,,,,0,,,,,0,0.0
ALV0832002,ALV0832-002,36.728,-33.301,2650.0,Atlantic,0.365,14.54,251.032,51.7,10.23,5.05376,0.702974,LeVoyer_S2,,,,,0,,,,,0,,,,,0,0.0
ALV0830002,ALV0830-002,36.73,-33.32,2582.0,Atlantic,0.37,16.6,222.892,,7.7,,0.702882,LeVoyer_S2,,,,,0,,,,,0,,,,,0,0.0
VG3769,VG3769,36.75,-33.29,2586.0,Atlantic,0.313717,11.3444,276.539,44.9099,7.60447,5.90572,,LeVoyer_S2,,,,,0,,,,,0,,,,,0,0.0
VG3768,VG3768,36.75,-33.29,2586.0,Atlantic,0.335066,12.9384,258.97,53.4082,9.24129,5.7793,,LeVoyer_S2,,,,,0,,,,,0,,,,,0,0.0
VG3925,VG3925,36.76,-33.29,2532.0,Atlantic,0.316401,12.5137,252.844,50.2802,8.65904,5.80667,,LeVoyer_S2,,,,,0,,,,,0,,,,,0,0.0
VG4087,VG4087,36.77,-33.39,1935.0,Atlantic,0.188056,6.42957,292.485,20.6835,3.46649,5.9667,0.703113,LeVoyer_S2,,,,,0,,,,,0,,,,,0,0.0
VG4089,VG4089,36.77,-33.39,1935.0,Atlantic,0.17406,6.69319,260.055,21.5747,3.63555,5.93437,,LeVoyer_S2,,,,,0,,,,,0,,,,,0,0.0
VG4088,VG4088,36.77,-33.39,1935.0,Atlantic,0.197493,6.60013,299.226,21.6028,3.5909,6.01597,,LeVoyer_S2,,,,,0,,,,,0,,,,,0,0.0
VG3766,VG3766,36.78,-33.3,2650.0,Atlantic,0.323253,13.7492,235.106,70.8399,10.1559,6.97524,,LeVoyer_S2,,,,,0,,,,,0,,,,,0,0.0
VG3767,VG3767,36.78,-33.3,2650.0,Atlantic,0.34492,13.6483,252.72,69.1423,9.73379,7.10332,,LeVoyer_S2,,,,,0,,,,,0,,,,,0,0.0
VG3765,VG3765,36.78,-33.29,2650.0,Atlantic,0.299956,12.6573,236.983,49.5269,9.3111,5.31912,,LeVoyer_S2,,,,,0,,,,,0,,,,,0,0.0
VG3922,VG3922,36.78,-33.28,2694.0,Atlantic,0.374817,14.5149,258.228,52.4512,9.20467,5.69833,,LeVoyer_S2,,,,,0,,,,,0,,,,,0,0.0
VG3797,VG3797,36.78,-33.28,2694.0,Atlantic,0.371064,13.7541,269.784,50.9849,9.32366,5.46834,,LeVoyer_S2,,,,,0,,,,,0,,,,,0,0.0
ALV0527001001,ALV0527-001-001,36.808,-33.26,2512.0,Atlantic,0.14,5.79,241.796,18.242,3.15,5.79111,0.70286,LeVoyer_S2,,,,,0,,,,,0,,,,,0,0.0
VG3403,VG3403,36.81,-33.26,2707.0,Atlantic,0.135108,5.89205,229.306,19.3575,3.15905,6.12764,0.702885,LeVoyer_S2,,,,,0,,,,,0,,,,,0,0.0
ALV0525005002,ALV0525-005-002,36.812,-33.273,2625.0,Atlantic,0.221,8.7,254.023,30.7,6.15,4.99187,,LeVoyer_S2,,,,,0,,,,,0,,,,,0,0.0
ALV0528004,ALV0528-004,36.812,-33.265,2526.0,Atlantic,0.166,5.87,282.794,18.4,3.9,4.71795,,LeVoyer_S2,,,,,0,,,,,0,,,,,0,0.0
ALV0519004001,ALV0519-004-001,36.815,-33.265,2690.0,Atlantic,0.17,6.9,246.377,24.3,4.49,5.41203,,LeVoyer_S2,,,,,0,,,,,0,,,,,0,0.0
VG3385,VG3385,36.83,-33.25,2743.0,Atlantic,0.497045,21.1689,234.799,99.6764,16.4084,6.07472,0.702995,LeVoyer_S2,,,,,0,,,,,0,,,,,0,0.0
CHR0031001112,CHR0031-001-112,36.8334,-33.2667,2700.0,Atlantic,0.28,10.24,273.438,48.4,7.87,6.14994,0.702877,LeVoyer_S2,,,,,0,,,,,0,,,,,0,0.0
ARP1974012019,ARP1974-012-019,36.858,-33.258,2400.0,Atlantic,0.2,9.73,205.55,34.6,6.55,5.28244,,LeVoyer_S2,,,,,0,,,,,0,,,,,0,0.0
VG841,VG841,36.88,-33.64,1806.0,Atlantic,0.345025,12.9464,266.502,49.6853,8.44173,5.88568,,LeVoyer_S2,,,,,0,,,,,0,,,,,0,0.0
VG839,VG839,36.88,-33.64,1806.0,Atlantic,0.355076,12.8839,275.597,50.7825,8.48216,5.98698,,LeVoyer_S2,,,,,0,,,,,0,,,,,0,0.0
VG836,VG836,36.88,-33.64,1818.0,Atlantic,0.432759,15.1232,286.155,61.4513,10.1886,6.0314,,LeVoyer_S2,,,,,0,,,,,0,,,,,0,0.0
VG832,VG832,36.88,-33.64,1818.0,Atlantic,0.430481,13.9121,309.429,57.192,9.05225,6.31799,,LeVoyer_S2,,,,,0,,,,,0,,,,,0,0.0
VG838,VG838,36.88,-33.64,1818.0,Atlantic,0.443053,12.6435,350.421,52.8571,8.03701,6.57672,,LeVoyer_S2,,,,,0,,,,,0,,,,,0,0.0
D13A,D13.A,36.9843,-32.9458,2660.0,Atlantic,0.241,10.3918,231.914,43.9401,7.06014,6.22369,,LeVoyer_S2,,,,,0,,,,,0,,,,,0,0.0
D14A,D14.A,37.0618,-32.8885,2985.0,Atlantic,0.345,12.0518,286.265,45.029,7.80388,5.77008,,LeVoyer_S2,,,,,0,,,,,0,,,,,0,0.0
D38A,D38.A,37.111,-32.3475,2930.0,Atlantic,0.326,10.5782,308.181,51.7646,8.08865,6.39966,0.702953,LeVoyer_S2,,,,,0,,,,,0,,,,,0,0.0
D37A,D37.A,37.2557,-32.2997,1959.0,Atlantic,0.255,10.2645,248.43,51.0991,7.39307,6.91176,,LeVoyer_S2,,,,,0,,,,,0,,,,,0,0.0
D36A,D36.A,37.2557,-32.2878,2274.0,Atlantic,0.348,11.9588,291.0,59.4395,8.6303,6.8873,0.702961,LeVoyer_S2,,,,,0,,,,,0,,,,,0,0.0
D15A,D15.A,37.2905,-32.2825,1706.0,Atlantic,0.285,10.893,261.636,57.1542,8.62211,6.62879,0.702945,LeVoyer_S2,,,,,0,,,,,0,,,,,0,0.0
D161,D16-1,37.458,-32.2248,2952.0,Atlantic,0.24,10.9762,218.655,57.9973,8.34188,6.95255,,LeVoyer_S2,,,,,0,,,,,0,,,,,0,0.0
D17A,D17.A,37.8363,-31.5182,1009.0,Atlantic,0.503,32.7333,153.666,242.496,29.5278,8.21244,,LeVoyer_S2,,,,,0,,,,,0,,,,,0,0.0
D191A,D19-1A                                                                         ,38.1227,-30.7283,1877.0,Atlantic,0.519,36.8294,140.92,229.546,35.4574,6.47384,,LeVoyer_S2,,,,,0,,,,,0,,,,,0,0.0
TR8921D1,TR89-21D-1,38.43,-30.36,2775.0,Atlantic,1.36998,46.402,295.243,230.9,28.9947,7.96353,,LeVoyer_S2,,,,,0,,,,,0,,,,,0,0.0
D21B,D21.B,38.4908,-30.2653,2095.0,Atlantic,1.22,47.6239,256.174,257.905,35.7175,7.2207,,LeVoyer_S2,,,,,0,,,,,0,,,,,0,0.0
RC59,RC59,38.6075,-30.2243,1485.0,Atlantic,0.413,15.4495,267.323,81.0358,10.2613,7.9,,LeVoyer_S2,,,,,0,,,,,0,,,,,0,0.0
RC63,RC63                                                                            ,38.8283,-30.0873,1240.0,Atlantic,0.764,35.0788,217.795,192.414,27.9134,6.89324,0.703504,LeVoyer_S2,,,,,0,,,,,0,,,,,0,0.0
TRI0154021003,TRI0154-021-003,38.89,-30.05,1305.0,Atlantic,0.922,37.57,245.409,215.29,26.66,8.07539,,LeVoyer_S2,,,,,0,,,,,0,,,,,0,0.0
D22A,D22.A,39.0378,-30.025,1386.0,Atlantic,0.882,40.0391,220.285,234.911,31.5729,7.44027,,LeVoyer_S2,,,,,0,,,,,0,,,,,0,0.0
D22B,D22.B,39.0378,-30.025,1386.0,Atlantic,0.922,38.2499,241.046,216.881,30.3132,7.15465,,LeVoyer_S2,,,,,0,,,,,0,,,,,0,0.0
D29A,D29.A,39.432,-29.8455,1860.0,Atlantic,0.801,37.0097,216.43,183.908,28.089,6.54735,0.703383,LeVoyer_S2,,,,,0,,,,,0,,,,,0,0.0
D27A,D27.A,39.5052,-29.7378,2288.0,Atlantic,0.455,17.1969,264.583,82.6195,11.7146,7.0527,,LeVoyer_S2,,,,,0,,,,,0,,,,,0,0.0
D26A,D26.A,39.9075,-29.6722,2068.0,Atlantic,0.354,12.0189,294.537,47.4649,7.10042,6.68481,0.703039,LeVoyer_S2,,,,,0,,,,,0,,,,,0,0.0
D24A,D24.A,40.5225,-29.5367,2920.0,Atlantic,0.325,15.0017,216.642,69.8395,10.1288,6.89516,,LeVoyer_S2,,,,,0,,,,,0,,,,,0,0.0
TR15418D2,TR154-18D-2,41.18,-29.31,2225.0,Atlantic,0.202988,7.5937,267.311,24.6719,3.67794,6.70807,0.703014,LeVoyer_S2,,,,,0,,,,,0,,,,,0,0.0
VG203,VG203,42.95,-29.23,2168.0,Atlantic,0.447974,14.3657,311.835,71.2754,9.53804,7.47275,,LeVoyer_S2,,,,,0,,,,,0,,,,,0,0.0
VG204,VG204,42.95,-29.23,2168.0,Atlantic,0.425871,14.8261,287.244,75.5842,10.4281,7.24811,,LeVoyer_S2,,,,,0,,,,,0,,,,,0,0.0
VG201,VG201,42.96,-29.18,1816.0,Atlantic,0.778855,26.6418,292.344,139.388,19.4416,7.16954,0.703358,LeVoyer_S2,,,,,0,,,,,0,,,,,0,0.0
VG200,VG200,42.96,-29.18,1816.0,Atlantic,0.899396,29.8439,301.367,155.923,22.0755,7.06317,0.70334,LeVoyer_S2,,,,,0,,,,,0,,,,,0,0.0
AII00323012007,AII0032-3-012-007,42.96,-29.18,1441.0,Atlantic,0.85,26.64,319.069,139.4,19.44,7.17078,0.703358,LeVoyer_S2,,,,,0,,,,,0,,,,,0,0.0
TR15412D1,TR154-12D-1,43.37,-28.98,3040.0,Atlantic,0.850307,25.5697,332.545,94.3926,15.6864,6.01749,,LeVoyer_S2,,,,,0,,,,,0,,,,,0,0.0
VG311,VG311,45.0,-28.0,,Atlantic,0.417327,13.0868,318.891,58.6701,8.32434,7.04802,,LeVoyer_S2,,,,,0,,,,,0,,,,,0,0.0
VG314,VG314,45.12,-28.33,,Atlantic,0.502792,15.5006,324.369,64.1365,9.28104,6.91049,,LeVoyer_S2,,,,,0,,,,,0,,,,,0,0.0
VG313,VG313,45.12,-28.14,,Atlantic,0.469706,14.8182,316.978,66.9808,8.93851,7.49351,,LeVoyer_S2,,,,,0,,,,,0,,,,,0,0.0
VG312,VG312,45.22,-28.0,3076.0,Atlantic,0.424153,13.3214,318.4,60.4787,8.4722,7.13848,,LeVoyer_S2,,,,,0,,,,,0,,,,,0,0.0
VG305,VG305,45.33,-28.03,1792.0,Atlantic,0.617276,17.9477,343.93,82.8362,11.037,7.50534,,LeVoyer_S2,,,,,0,,,,,0,,,,,0,0.0
VG310,VG310,45.33,-28.03,1792.0,Atlantic,0.533814,16.4655,324.201,83.4542,10.8803,7.67021,,LeVoyer_S2,,,,,0,,,,,0,,,,,0,0.0
VG309,VG309,45.33,-28.03,1792.0,Atlantic,0.57611,18.9054,304.733,105.591,13.5084,7.81672,,LeVoyer_S2,,,,,0,,,,,0,,,,,0,0.0
VG308,VG308,45.62,-27.72,2377.0,Atlantic,0.438104,12.2495,357.651,28.3334,4.79161,5.91312,,LeVoyer_S2,,,,,0,,,,,0,,,,,0,0.0
VG9277,VG9277,47.05,-27.35,2975.0,Atlantic,0.243009,8.40971,288.962,20.8927,3.16569,6.59975,,LeVoyer_S2,,,,,0,,,,,0,,,,,0,0.0
VG1699,VG1699,48.54,-28.04,2432.0,Atlantic,0.326373,13.0515,250.066,50.0635,6.09502,8.21385,,LeVoyer_S2,,,,,0,,,,,0,,,,,0,0.0
TRI0138006001,TRI0138-006-001,50.043,-28.933,3370.0,Atlantic,0.258,11.7,220.513,13.0,,,0.70234,LeVoyer_S2,,,,,0,,,,,0,,,,,0,0.8
TRI0138007001,TRI0138-007-001,50.46,-29.42,3880.0,Atlantic,0.208,8.76,237.443,9.46,2.4,3.94167,,LeVoyer_S2,380,400,20,2.5,1,,,,,0,,,,,0,3.4
TRI0138008001,TRI0138-008-001,51.28,-30.02,3500.0,Atlantic,0.196,8.49,230.86,13.88,1.992,6.96787,,LeVoyer_S2,360,400,40,29.6,2,380,400,20,22.0,1,,,,,0,30.0
VG9960,VG9960,51.56,-29.92,3710.0,Atlantic,0.248098,10.239,242.305,9.27924,1.85996,4.98894,,LeVoyer_S2,360,400,40,56.7,2,360,400,40,56.7,2,,,,,0,57.9
VG1693,VG1693,51.84,-30.07,2780.0,Atlantic,0.206087,7.68866,268.04,8.51318,1.665,5.11303,,LeVoyer_S2,320,400,80,78.3,3,360,400,40,77.2,2,380,400,20,59.2,1,79.3
VG1694,VG1694,51.84,-30.07,2780.0,Atlantic,0.222825,8.478,262.827,10.2429,2.03788,5.02628,,LeVoyer_S2,320,400,80,78.3,3,360,400,40,77.2,2,380,400,20,59.2,1,79.3
VG1698,VG1698,51.84,-30.07,2780.0,Atlantic,0.259984,8.43858,308.089,9.4296,1.72556,5.46467,,LeVoyer_S2,320,400,80,78.3,3,360,400,40,77.2,2,380,400,20,59.2,1,79.3
VG9966,VG9966,52.01,-29.95,3800.0,Atlantic,0.241208,10.8401,222.515,12.3441,2.29192,5.38594,,LeVoyer_S2,320,400,80,105.8,3,360,400,40,103.9,2,380,400,20,80.5,1,107.4
TRI0138011001,TRI0138-011-001,52.01,-29.95,3800.0,Atlantic,0.23,9.0,255.556,39.4,7.65,5.15033,,LeVoyer_S2,320,400,80,105.8,3,360,400,40,103.9,2,380,400,20,80.5,1,107.4
VG1679,VG1679,53.19,-35.09,2633.0,Atlantic,0.104319,3.7293,279.728,3.80215,0.615944,6.17288,,LeVoyer_S2,320,400,80,2717.3,4,320,400,80,2717.3,3,360,400,40,2697.0,2,2892.0
VG6925,VG6925,54.76,-35.22,2075.0,Atlantic,0.153655,6.72703,228.415,3.6728,0.78166,4.69872,0.70277,LeVoyer_S2,320,400,80,2664.7,4,320,400,80,2664.7,4,320,400,80,2664.7,3,3246.4
EN0252D4G,EN025 2D-4g,54.76,-35.22,2075.0,Atlantic,0.147,4.84449,303.437,4.448,0.668,6.65868,,LeVoyer_S2,320,400,80,2664.7,4,320,400,80,2664.7,4,320,400,80,2664.7,3,3246.4
VG6979,VG6979,57.14,-33.42,760.0,Atlantic,0.260685,7.75749,336.043,20.3515,3.17933,6.4012,0.70271,LeVoyer_S2,320,400,80,1843.1,4,320,400,80,1843.1,3,320,400,80,1843.1,3,2662.3
DAR0080033A001,DAR0080-033A-001,58.04,-32.291,1700.0,Atlantic,0.19,4.75,400.0,,,,,LeVoyer_S2,320,400,80,1627.5,4,320,400,80,1627.5,3,320,400,80,1627.5,3,2395.9
VG2290,VG2290,59.75,-29.87,1116.0,Atlantic,0.150991,4.5413,332.484,6.01321,0.943645,6.37232,,LeVoyer_S2,320,400,80,1137.2,3,320,400,80,1137.2,3,320,400,80,1137.2,3,1594.7
VG2291,VG2291,59.75,-29.87,1116.0,Atlantic,0.135804,4.51746,300.62,5.97843,0.932318,6.41244,,LeVoyer_S2,320,400,80,1137.2,3,320,400,80,1137.2,3,320,400,80,1137.2,3,1594.7
VG2292,VG2292,59.75,-29.87,1116.0,Atlantic,0.141924,4.49812,315.518,5.94529,0.927997,6.40659,,LeVoyer_S2,320,400,80,1137.2,3,320,400,80,1137.2,3,320,400,80,1137.2,3,1594.7
VG2293,VG2293,59.75,-29.87,1116.0,Atlantic,0.158564,4.86127,326.178,5.72107,0.962748,5.94244,,LeVoyer_S2,320,400,80,1137.2,3,320,400,80,1137.2,3,320,400,80,1137.2,3,1594.7
VG2294,VG2294,59.75,-29.87,1116.0,Atlantic,0.131592,4.6491,283.049,7.32921,1.20183,6.09837,,LeVoyer_S2,320,400,80,1137.2,3,320,400,80,1137.2,3,320,400,80,1137.2,3,1594.7
VG2297,VG2297,59.75,-29.87,1116.0,Atlantic,0.14249,4.66076,305.722,7.29292,1.21495,6.00266,,LeVoyer_S2,320,400,80,1137.2,3,320,400,80,1137.2,3,320,400,80,1137.2,3,1594.7
VG2298,VG2298,59.75,-29.87,1116.0,Atlantic,0.159116,4.62239,344.228,7.2448,1.186,6.10862,,LeVoyer_S2,320,400,80,1137.2,3,320,400,80,1137.2,3,320,400,80,1137.2,3,1594.7
VG2299,VG2299,59.75,-29.87,1116.0,Atlantic,0.153557,4.53602,338.527,6.15491,0.93725,6.56699,,LeVoyer_S2,320,400,80,1137.2,3,320,400,80,1137.2,3,320,400,80,1137.2,3,1594.7
VG2340,VG2340,59.77,-29.8,997.0,Atlantic,0.198688,6.31743,314.507,10.383,1.83973,5.64376,,LeVoyer_S2,320,400,80,1137.2,3,320,400,80,1137.2,3,320,400,80,1137.2,3,1594.7
VG2341,VG2341,59.77,-29.8,997.0,Atlantic,0.186255,5.82116,319.962,10.5575,1.53431,6.88094,,LeVoyer_S2,320,400,80,1137.2,3,320,400,80,1137.2,3,320,400,80,1137.2,3,1594.7
VG2342,VG2342,59.77,-29.8,997.0,Atlantic,0.196959,5.75808,342.057,10.4283,1.5329,6.80297,,LeVoyer_S2,320,400,80,1137.2,3,320,400,80,1137.2,3,320,400,80,1137.2,3,1594.7
VG2343,VG2343,59.77,-29.8,997.0,Atlantic,0.180232,5.8864,306.183,10.7035,1.55197,6.89672,,LeVoyer_S2,320,400,80,1137.2,3,320,400,80,1137.2,3,320,400,80,1137.2,3,1594.7
VG2346,VG2346,59.77,-29.8,997.0,Atlantic,0.175189,5.88958,297.455,10.8846,1.55446,7.0022,,LeVoyer_S2,320,400,80,1137.2,3,320,400,80,1137.2,3,320,400,80,1137.2,3,1594.7
TRI0041022001,TRI0041-022-001,60.02,-29.48,978.0,Atlantic,0.17,4.61,368.764,8.71,1.02,8.53922,0.702839,LeVoyer_S2,320,400,80,1107.3,3,320,400,80,1107.3,3,320,400,80,1107.3,3,1532.1
TRI0041020003,TRI0041-020-003,60.03,-29.38,948.0,Atlantic,0.21,5.03,417.495,8.07,1.13,7.14159,0.702851,LeVoyer_S2,320,400,80,1107.3,3,320,400,80,1107.3,3,320,400,80,1107.3,3,1532.1
TRI0101033006,TRI0101-033-006,60.457,-28.885,922.0,Atlantic,0.146,3.3,442.424,6.02,0.754,7.98408,0.702784,LeVoyer_S2,320,400,80,1048.5,4,320,400,80,1048.5,3,320,400,80,1048.5,3,1397.8
TRI0101031009,TRI0101-031-009,60.73,-28.42,710.0,Atlantic,0.28,3.89,719.794,3.04,0.78,,0.702702,LeVoyer_S2,320,400,80,996.9,4,320,400,80,996.9,3,320,380,60,961.5,2,1267.5
TRI0101030010,TRI0101-030-010,61.09,-27.9,792.0,Atlantic,0.26,4.92,528.455,9.37,1.11,8.44144,0.702733,LeVoyer_S2,320,400,80,981.7,4,320,400,80,981.7,3,320,380,60,947.1,2,1229.1
TR10130D12,TR101-30D-12,61.098,-27.903,793.0,Atlantic,0.197625,5.48533,360.278,7.65681,1.18702,6.45045,,LeVoyer_S2,320,400,80,981.7,4,320,400,80,981.7,3,320,380,60,947.1,2,1229.1
TRI0101027001,TRI0101-027-001,61.73,-26.88,599.0,Atlantic,0.21,6.12,343.137,16.25,2.53,6.42292,0.702863,LeVoyer_S2,320,400,80,931.1,4,320,400,80,931.1,4,320,380,60,901.3,2,1092.8
VG2257,VG2257,61.99,-26.59,658.0,Atlantic,0.413368,15.2634,270.822,44.4905,8.4053,5.29315,,LeVoyer_S2,320,400,80,920.3,4,320,400,80,920.3,4,320,380,60,892.4,3,1062.8
VG2258,VG2258,61.99,-26.59,658.0,Atlantic,0.43269,15.445,280.149,44.3634,8.42678,5.26458,,LeVoyer_S2,320,400,80,920.3,4,320,400,80,920.3,4,320,380,60,892.4,3,1062.8
VG2259,VG2259,61.99,-26.59,658.0,Atlantic,0.397487,15.361,258.763,45.1119,8.45555,5.33518,,LeVoyer_S2,320,400,80,920.3,4,320,400,80,920.3,4,320,380,60,892.4,3,1062.8
VG2256,VG2256,61.99,-26.59,658.0,Atlantic,0.385702,15.226,253.318,44.3872,8.4206,5.27126,,LeVoyer_S2,320,400,80,920.3,4,320,400,80,920.3,4,320,380,60,892.4,3,1062.8
TRI0101024006,TRI0101-024-006,62.08,-26.29,682.0,Atlantic,0.31,5.92,523.649,14.48,2.53,5.72332,0.702784,LeVoyer_S2,320,400,80,933.7,4,320,400,80,933.7,4,320,380,60,895.7,3,1095.1
TRI0101023001,TRI0101-023-001,62.35,-25.78,657.0,Atlantic,0.32,11.04,289.855,33.47,5.82,5.75086,0.702998,LeVoyer_S2,320,400,80,918.6,4,320,400,80,918.6,4,320,380,60,884.0,3,1046.3
TR10122D2,TR101-22D-2,62.373,-25.845,715.0,Atlantic,0.366792,10.0624,364.519,25.7738,3.99986,6.44367,,LeVoyer_S2,320,400,80,918.6,4,320,400,80,918.6,4,320,380,60,884.0,3,1046.3
TRI0101001002,TRI0101-001-002,62.59,-25.45,617.0,Atlantic,0.34,12.88,263.975,35.73,6.62,5.39728,0.70294,LeVoyer_S2,320,400,80,921.9,4,320,400,80,921.9,4,320,380,60,883.1,3,1044.0
TRI0101002001,TRI0101-002-001,62.62,-25.43,632.0,Atlantic,0.36,13.13,274.181,36.51,6.79,5.37703,0.7031,LeVoyer_S2,320,400,80,921.9,4,320,400,80,921.9,4,320,380,60,883.1,3,1044.0
TRI0139016001,TRI0139-016-001,67.9,-18.41,565.0,Atlantic,0.225,6.8,330.882,14.6,1.829,7.9825,0.70275,LeVoyer_S2,140,180,40,7.0,5,340,400,60,611.5,3,340,380,40,564.2,2,622.6
TRI0139025003,TRI0139-025-003,69.15,-16.22,1145.0,Atlantic,0.154,3.6,427.778,8.2,0.684,11.9883,0.702691,LeVoyer_S2,140,180,40,41.0,5,140,180,40,41.0,5,340,400,60,498.0,3,541.5
TRI0139024001,TRI0139-024-001,69.73,-15.74,1038.0,Atlantic,0.171,4.36,392.202,9.9,0.947,10.4541,0.702764,LeVoyer_S2,140,180,40,94.9,5,140,180,40,94.9,5,140,160,20,60.8,3,563.6
TRI0139023001,TRI0139-023-001,69.73,-15.59,917.0,Atlantic,0.184,5.17,355.899,11.0,1.12,9.82143,0.702795,LeVoyer_S2,140,180,40,92.4,5,140,180,40,92.4,5,140,160,20,59.0,3,560.4
VG962,VG962,70.17,-15.28,1097.0,Atlantic,0.103145,3.53988,291.381,9.61852,1.04177,9.2329,0.70315,LeVoyer_S2,140,180,40,147.6,6,140,180,40,147.6,5,140,160,20,99.6,3,600.4
VG1666,VG1666,70.17,-15.28,1097.0,Atlantic,0.104341,3.68388,283.236,9.86287,1.04604,9.42875,0.70315,LeVoyer_S2,140,180,40,147.6,6,140,180,40,147.6,5,140,160,20,99.6,3,600.4
VG1676,VG1676,70.57,-14.69,1070.0,Atlantic,0.0693616,2.5627,270.659,4.12883,0.329518,12.5299,,LeVoyer_S2,140,180,40,218.0,6,140,180,40,218.0,5,140,180,40,218.0,4,659.7
VG1678,VG1678,70.57,-14.69,1070.0,Atlantic,0.0696378,2.45243,283.954,5.29477,0.399194,13.2637,,LeVoyer_S2,140,180,40,218.0,6,140,180,40,218.0,5,140,180,40,218.0,4,659.7
VG1677,VG1677,70.573,-14.69,1070.0,Atlantic,0.755673,46.1625,163.698,343.595,38.8729,8.83892,,LeVoyer_S2,140,180,40,218.0,6,140,180,40,218.0,5,140,180,40,218.0,4,659.7
VG1672,VG1672,71.28,-5.75,1280.0,Atlantic,0.716277,47.9822,149.28,357.09,40.4036,8.83808,,LeVoyer_S2,140,180,40,293.3,5,140,180,40,293.3,5,140,180,40,293.3,4,574.5
VG1674,VG1674,71.28,-5.75,1280.0,Atlantic,0.754821,46.8214,161.213,347.932,38.9096,8.94204,,LeVoyer_S2,140,180,40,293.3,5,140,180,40,293.3,5,140,180,40,293.3,4,574.5
TRI0139027005,TRI0139-027-005,71.33,-12.64,1205.0,Atlantic,0.956,33.37,286.485,240.8,26.47,9.09709,0.703074,LeVoyer_S2,140,180,40,390.0,6,140,180,40,390.0,4,140,180,40,390.0,4,811.7
TRI0139027006,TRI0139-027-006,71.33,-12.64,1205.0,Atlantic,0.931,37.78,246.427,268.3,29.75,9.01849,0.703086,LeVoyer_S2,140,180,40,390.0,6,140,180,40,390.0,4,140,180,40,390.0,4,811.7
END0026007001,END0026-007-001,71.43,-4.79,2488.0,Atlantic,0.759,22.69,334.509,145.7,15.75,9.25079,0.703173,LeVoyer_S2,140,180,40,345.7,5,140,180,40,345.7,5,140,180,40,345.7,4,615.3
END0026009001,END0026-009-001,71.64,-3.06,2220.0,Atlantic,0.646,22.46,287.622,146.8,16.15,9.08978,0.703089,LeVoyer_S2,140,180,40,393.0,5,140,180,40,393.0,4,140,180,40,393.0,3,653.5
TRI0139030001A,TRI0139-030-001A,71.82,-2.08,2550.0,Atlantic,1.101,46.12,238.725,338.7,39.27,8.6249,0.703212,LeVoyer_S2,140,180,40,436.8,5,140,180,40,436.8,4,140,180,40,436.8,3,687.1
TRI0139030002A,TRI0139-030-002A,71.82,-2.08,2550.0,Atlantic,1.295,41.1,315.085,293.17,29.7,9.87104,0.703206,LeVoyer_S2,140,180,40,436.8,5,140,180,40,436.8,4,140,180,40,436.8,3,687.1
END0026010001,END0026-010-001,71.89,-1.39,2900.0,Atlantic,0.531,14.58,364.198,83.9,7.84,10.7015,0.703206,LeVoyer_S2,140,180,40,427.9,5,140,180,40,427.9,4,140,180,40,427.9,3,679.0
END0026010003,END0026-010-003,71.89,-1.39,2900.0,Atlantic,0.501,17.3,289.595,94.9,8.5,11.1647,0.703185,LeVoyer_S2,140,180,40,427.9,5,140,180,40,427.9,4,140,180,40,427.9,3,679.0
END0026011001,END0026-011-001,71.99,-0.65,2340.0,Atlantic,0.645,19.32,333.851,122.3,12.08,10.1242,0.70319,LeVoyer_S2,140,180,40,463.9,5,140,180,40,463.9,4,140,180,40,463.9,3,700.1
TRI0139031002A,TRI0139-031-002A,72.18,0.23,2462.0,Atlantic,0.378,12.61,299.762,61.02,5.211,11.7098,0.703066,LeVoyer_S2,140,180,40,493.0,5,140,180,40,493.0,4,140,160,20,449.4,2,712.7
END0026012002,END0026-012-002,72.32,1.48,2525.0,Atlantic,0.648,30.09,215.354,222.1,23.63,9.39907,0.703196,LeVoyer_S2,140,180,40,500.2,6,140,180,40,500.2,4,140,160,20,469.2,2,698.5
END0026012003,END0026-012-003,72.32,1.48,2525.0,Atlantic,0.548,22.59,242.585,200.3,17.31,11.5713,0.703204,LeVoyer_S2,140,180,40,500.2,6,140,180,40,500.2,4,140,160,20,469.2,2,698.5
TRI0139032001,TRI0139-032-001,72.61,3.38,3020.0,Atlantic,0.395,12.25,322.449,74.5,6.79,10.972,0.703101,LeVoyer_S2,140,180,40,457.5,5,140,180,40,457.5,4,140,160,20,441.7,2,620.4
END0026014001,END0026-014-001,72.81,4.26,2540.0,Atlantic,0.289,10.42,277.351,51.5,4.145,12.4246,0.703013,LeVoyer_S2,140,180,40,460.9,5,140,180,40,460.9,4,140,160,20,450.6,2,604.2
TRI0139033002,TRI0139-033-002,73.01,5.18,2900.0,Atlantic,0.394,13.86,284.271,72.7,6.697,10.8556,0.703154,LeVoyer_S2,140,180,40,450.1,5,140,160,20,444.2,3,140,160,20,444.2,2,572.4
END0026015001,END0026-015-001,73.22,6.44,2840.0,Atlantic,0.464,15.16,306.069,93.5,8.99,10.4004,0.703202,LeVoyer_S2,140,180,40,423.6,5,140,160,20,420.8,2,140,160,20,420.8,2,524.7
END0026016001,END0026-016-001,73.41,7.39,2623.0,Atlantic,0.214,7.24,295.58,24.8,2.0,12.4,0.702853,LeVoyer_S2,140,180,40,405.8,5,140,160,20,404.4,2,140,160,20,404.4,2,493.7
END0026016002,END0026-016-002,73.41,7.39,2623.0,Atlantic,0.222,6.24,355.769,22.7,1.767,12.8466,0.702865,LeVoyer_S2,140,180,40,405.8,5,140,160,20,404.4,2,140,160,20,404.4,2,493.7
END0026032003,END0026-032-003,73.52,8.11,2288.0,Atlantic,0.264,8.49,310.954,41.1,2.984,13.7735,0.703173,LeVoyer_S2,120,160,40,398.5,5,140,160,20,396.9,3,140,160,20,396.9,2,482.0
END0026031001,END0026-031-001,73.7433,8.3717,3290.0,Atlantic,0.257,12.33,208.435,56.5,5.059,11.1682,0.703018,LeVoyer_S2,120,160,40,428.6,5,140,160,20,426.0,3,140,160,20,426.0,2,522.0
END0026030001,END0026-030-001,74.195,8.835,3210.0,Atlantic,0.457,18.19,251.237,116.7,10.72,10.8862,0.703137,LeVoyer_S2,120,160,40,483.9,5,140,160,20,477.1,4,140,160,20,477.1,3,620.6
END0026029001,END0026-029-001,74.6533,8.5117,2878.0,Atlantic,0.397,13.48,294.51,64.4,6.32,10.1899,0.702928,LeVoyer_S2,120,160,40,570.0,5,120,160,40,570.0,5,140,160,20,555.2,3,796.9
END0026019001,END0026-019-001,75.963,7.282,3258.0,Atlantic,0.594,21.0,282.857,93.0,9.77,9.51894,0.702863,LeVoyer_S2,120,160,40,693.6,6,120,160,40,693.6,5,120,160,40,693.6,5,1666.9
END0026021001,END0026-021-001,76.5567,7.1883,2810.0,Atlantic,0.602,15.32,392.95,69.3,7.35,9.42857,0.702746,LeVoyer_S2,120,160,40,624.1,6,120,160,40,624.1,5,120,160,40,624.1,5,2025.1
END0026022001,END0026-022-001,76.855,7.3717,3450.0,Atlantic,0.566,19.77,286.292,99.1,10.63,9.32267,0.702864,LeVoyer_S2,120,160,40,598.3,6,120,160,40,598.3,5,120,160,40,598.3,5,2127.5
END0026025002,END0026-025-002,77.5283,7.6717,2925.0,Atlantic,0.456,15.66,291.188,96.0,10.11,9.49555,0.702902,LeVoyer_S2,120,160,40,565.0,6,120,160,40,565.0,6,120,160,40,565.0,5,2459.8
L208607,L20-860-7,12.82,-44.77,1940.0,Atlantic,0.261,14.6,178.8,47.1,7.21,6.53,,Silantyev_2008,240,280,40,1967.4,2,240,280,40,1967.4,2,240,280,40,1967.4,2,1968.3
L209124,L20-912-4,12.83,-44.98,2894.0,Atlantic,0.27,15.2,177.6,48.6,7.39,6.58,,Silantyev_2008,240,280,40,2028.6,2,240,280,40,2028.6,2,240,280,40,2028.6,2,2030.4
L208975,L20-897-5,12.89,-44.79,3502.0,Atlantic,0.316,18.8,168.1,76.6,11.03,6.94,,Silantyev_2008,240,280,40,1967.4,2,240,280,40,1967.4,2,240,280,40,1967.4,2,1968.3
L2085215,L20-852-15,12.91,-44.89,4050.0,Atlantic,0.277,16.3,169.9,59.4,8.73,6.8,,Silantyev_2008,240,280,40,1930.2,2,240,280,40,1930.2,2,240,280,40,1930.2,2,1931.2
L208533,L20-853-3,12.92,-44.9,2827.0,Atlantic,0.354,19.7,179.7,62.5,9.71,6.44,,Silantyev_2008,240,280,40,1989.3,2,240,280,40,1989.3,2,240,280,40,1989.3,2,1991.3
L208712,L20-871-2,12.93,-44.94,3330.0,Atlantic,0.254,13.2,192.4,31.1,5.61,5.54,,Silantyev_2008,240,280,40,1989.3,2,240,280,40,1989.3,2,240,280,40,1989.3,2,1991.3
L2089219,L20-892-19,12.95,-44.93,3340.0,Atlantic,0.325,17.6,184.7,56.6,9.47,5.98,,Silantyev_2008,240,280,40,1989.3,2,240,280,40,1989.3,2,240,280,40,1989.3,2,1991.3
16ABP6527,16ABP-65-27,15.03,-44.94,3518.0,Atlantic,0.532,22.6,235.4,108.9,14.5,7.51,,Silantyev_2008,240,280,40,1461.8,4,240,280,40,1461.8,2,240,280,40,1461.8,2,1471.7
16ABP651AR2,16ABP-65-1/AR2,15.03,-44.94,3518.0,Atlantic,0.458,16.0,286.2,76.0,9.57,7.94,,Silantyev_2008,240,280,40,1461.8,4,240,280,40,1461.8,2,240,280,40,1461.8,2,1471.7
L207923,L20-792-3,16.12,-46.62,3023.0,Atlantic,0.178,13.6,130.9,,,,0.702737,Silantyev_2008,240,380,140,2183.9,6,240,380,140,2183.9,6,240,280,40,1637.6,4,2184.8
L208051,L20-805-1,16.12,-46.52,2835.0,Atlantic,0.329,26.6,123.7,125.0,13.71,9.12,,Silantyev_2008,240,380,140,2183.9,6,240,380,140,2183.9,6,240,280,40,1637.6,4,2184.8
L207932,L20-793-2,16.13,-46.62,3010.0,Atlantic,0.233,11.0,211.8,41.7,5.84,7.14,0.702568,Silantyev_2008,240,380,140,2183.9,6,240,380,140,2183.9,6,240,280,40,1637.6,4,2184.8
L207963,L20-796-3,16.14,-46.63,3065.0,Atlantic,0.252,15.2,165.8,52.4,7.39,7.09,0.702576,Silantyev_2008,240,380,140,2183.9,6,240,380,140,2183.9,6,240,280,40,1637.6,4,2184.8
L208063,L20-806-3,16.14,-46.58,3355.0,Atlantic,0.27,14.6,184.9,56.8,7.58,7.49,,Silantyev_2008,240,380,140,2183.9,6,240,380,140,2183.9,6,240,280,40,1637.6,4,2184.8
L207941,L20-794-1,16.15,-46.62,3010.0,Atlantic,0.276,20.7,133.3,126.6,11.96,10.59,,Silantyev_2008,240,380,140,2183.9,6,240,380,140,2183.9,6,240,280,40,1637.6,4,2184.8
L208015,L20-801-5,16.17,-46.53,2765.0,Atlantic,0.244,14.0,174.3,46.1,6.4,7.2,,Silantyev_2008,240,380,140,2183.9,6,240,380,140,2183.9,6,240,280,40,1637.6,4,2184.8
19L6103,19L-610-3,16.73,-46.62,2821.0,Atlantic,0.139,6.0,231.7,11.0,1.88,5.85,,Silantyev_2008,220,380,160,2290.7,7,240,380,140,2289.6,6,240,280,40,1598.4,4,2290.7
L207754,L20-775-4,16.84,-46.5,3700.0,Atlantic,0.155,10.3,150.5,21.4,3.11,6.88,,Silantyev_2008,240,380,140,2049.0,6,240,280,40,1533.8,5,240,280,40,1533.8,4,2049.7
L207764,L20-776-4,16.95,-46.54,3225.0,Atlantic,0.169,9.1,185.7,15.7,2.49,6.31,0.70279,Silantyev_2008,220,380,160,2335.7,7,240,380,140,2334.4,6,240,280,40,1591.3,4,2335.8
L207449,L20-744-9,17.15,-46.48,3590.0,Atlantic,0.059,3.7,159.5,3.0,0.53,5.66,0.702453,Silantyev_2008,240,380,140,2122.4,6,240,280,40,1521.1,5,240,280,40,1521.1,4,2123.3
L207441,L20-744-1,17.15,-46.48,3590.0,Atlantic,0.065,3.7,175.7,2.8,0.52,5.38,,Silantyev_2008,240,380,140,2122.4,6,240,280,40,1521.1,5,240,280,40,1521.1,4,2123.3
L207439,L20-743-9,17.18,-46.56,3195.0,Atlantic,0.139,8.2,169.5,13.7,2.24,6.12,,Silantyev_2008,220,380,160,2385.5,7,240,380,140,2384.0,6,240,280,40,1587.3,4,2385.6
L2073313B,L20-733-13b,17.18,-46.52,3780.0,Atlantic,0.295,17.0,173.5,36.8,5.99,6.14,,Silantyev_2008,220,380,160,2385.5,7,240,380,140,2384.0,6,240,280,40,1587.3,4,2385.6
L2073312,L20-733-12,17.18,-46.52,3780.0,Atlantic,0.293,16.2,180.9,34.1,5.88,5.8,,Silantyev_2008,220,380,160,2385.5,7,240,380,140,2384.0,6,240,280,40,1587.3,4,2385.6
L207413,L20-741-3,17.2,-46.52,3670.0,Atlantic,0.184,10.7,172.0,11.3,2.16,5.23,,Silantyev_2008,220,380,160,2385.5,7,240,380,140,2384.0,6,240,280,40,1587.3,4,2385.6
L207292,L20-729-2,17.22,-46.55,3316.0,Atlantic,0.162,10.2,158.8,11.5,2.26,5.09,0.702175,Silantyev_2008,220,380,160,2385.5,7,240,380,140,2384.0,6,240,280,40,1587.3,4,2385.6
L207246,L20-724-6,17.26,-46.49,3581.0,Atlantic,0.116,5.7,203.5,7.4,1.23,6.02,,Silantyev_2008,240,380,140,2122.4,6,240,280,40,1521.1,5,240,280,40,1521.1,4,2123.3
L207245,L20-724-5,17.26,-46.49,3581.0,Atlantic,0.119,5.7,208.8,7.5,1.22,6.15,,Silantyev_2008,240,380,140,2122.4,6,240,280,40,1521.1,5,240,280,40,1521.1,4,2123.3
L207382,L20-738-2,17.26,-46.45,3880.0,Atlantic,0.207,12.0,172.5,11.9,2.5,4.76,0.702163,Silantyev_2008,240,380,140,2122.4,6,240,280,40,1521.1,5,240,280,40,1521.1,4,2123.3
L207195,L20-719-5,17.3,-46.53,3087.0,Atlantic,0.18,10.3,174.8,12.8,2.29,5.59,0.702268,Silantyev_2008,220,380,160,2385.5,7,240,380,140,2384.0,6,240,280,40,1587.3,4,2385.6
L207376,L20-737-6,17.38,-46.53,2905.0,Atlantic,0.16,9.3,172.0,8.7,1.69,5.15,,Silantyev_2008,220,380,160,2440.2,7,240,380,140,2438.4,6,240,280,40,1586.6,4,2440.2
L2073615,L20-736-15,17.38,-46.47,3724.0,Atlantic,0.16,9.3,172.0,9.4,1.8,5.22,,Silantyev_2008,220,380,160,2167.0,7,240,280,40,1519.2,5,240,280,40,1519.2,4,2167.0
16ABP4577AR1,16ABP-45-77/AR1,29.99,-42.65,2706.0,Atlantic,0.316,11.2,282.1,10.9,2.74,3.98,0.702688,Silantyev_2008,200,260,60,1874.5,5,220,260,40,1872.7,3,220,260,40,1872.7,2,1896.2
16ABP4577AR2,16ABP-45-77/AR2,29.99,-42.65,2706.0,Atlantic,0.303,11.1,273.0,11.1,2.7,4.11,,Silantyev_2008,200,260,60,1874.5,5,220,260,40,1872.7,3,220,260,40,1872.7,2,1896.2
16ABP6AR1,16ABP-6/AR1,30.4,-41.94,2990.0,Atlantic,0.163,7.3,223.3,5.1,1.05,4.86,,Silantyev_2008,220,260,40,1946.4,3,220,260,40,1946.4,2,220,260,40,1946.4,2,1953.0
16ABP6AR2,16ABP-6/AR2,30.4,-41.94,2990.0,Atlantic,0.159,7.4,214.9,5.2,1.07,4.86,,Silantyev_2008,220,260,40,1946.4,3,220,260,40,1946.4,2,220,260,40,1946.4,2,1953.0
16ABP642AR1,16ABP-6-42/AR1,30.4,-41.94,2990.0,Atlantic,0.173,7.3,237.0,6.6,1.3,5.08,,Silantyev_2008,220,260,40,1946.4,3,220,260,40,1946.4,2,220,260,40,1946.4,2,1953.0
16ABP79AAR1,16ABP-7-9A/AR1,30.58,-41.88,3319.0,Atlantic,0.223,8.6,259.3,9.7,1.8,5.39,0.702662,Silantyev_2008,220,260,40,1874.7,3,220,260,40,1874.7,2,220,260,40,1874.7,2,1879.0
16ABP79AAR2,16ABP-7-9A/AR2,30.58,-41.88,3319.0,Atlantic,0.225,8.5,264.7,9.5,1.79,5.31,0.702662,Silantyev_2008,220,260,40,1874.7,3,220,260,40,1874.7,2,220,260,40,1874.7,2,1879.0
16ABP58AR2,16ABP-5-8/AR2,31.1,-41.42,3279.0,Atlantic,0.27,11.1,243.2,8.6,1.85,4.65,,Silantyev_2008,220,260,40,1521.8,3,220,260,40,1521.8,2,220,260,40,1521.8,2,1524.0
16ABP246,16ABP-24-6,33.53,-38.99,2250.0,Atlantic,0.344,13.0,264.6,20.2,3.32,6.08,0.703084,Silantyev_2008,220,260,40,46.0,2,220,260,40,46.0,2,,,,,0,46.0
VG5387,VG5387,-54.37,5.26,3602.0,Indian,0.14,4.60619,307.388,4.62638,0.985686,4.69357,0.70297,LeVoyer_S2,,,,,0,,,,,0,,,,,0,0.0
VG5383,VG5383,-54.37,5.26,3602.0,Indian,0.46,14.9648,317.963,21.2154,3.87249,5.47848,,LeVoyer_S2,,,,,0,,,,,0,,,,,0,0.0
VG5385,VG5385,-54.37,5.26,3602.0,Indian,0.48,15.0961,339.319,21.5506,3.8999,5.52594,,LeVoyer_S2,,,,,0,,,,,0,,,,,0,0.0
VG5382,VG5382,-54.37,5.26,3602.0,Indian,0.52,15.4889,330.924,22.2513,4.01675,5.53962,,LeVoyer_S2,,,,,0,,,,,0,,,,,0,0.0
VG5384,VG5384,-54.37,5.26,3602.0,Indian,0.52,15.3248,167.381,22.1101,3.98406,5.54965,,LeVoyer_S2,,,,,0,,,,,0,,,,,0,0.0
VG5380,VG5380,-54.37,5.26,3602.0,Indian,0.5,15.1092,181.7,22.0028,3.93684,5.58895,,LeVoyer_S2,,,,,0,,,,,0,,,,,0,0.0
VG5378,VG5378,-54.34,5.31,2168.0,Indian,0.37,11.2933,305.337,28.9777,3.58015,8.09398,,LeVoyer_S2,,,,,0,,,,,0,,,,,0,0.0
VG5359,VG5359,-54.03,3.52,1930.0,Indian,0.7,38.5251,223.367,156.535,24.1893,6.47122,,LeVoyer_S2,,,,,0,,,,,0,,,,,0,0.0
AII01076057019,AII0107-6-057-019,-54.03,7.26,3767.0,Indian,,,327.629,,,,,LeVoyer_S2,,,,,0,,,,,0,,,,,0,0.0
VG5389,VG5389,-54.01,7.29,3767.0,Indian,0.35,20.1166,303.939,83.1432,11.547,7.20043,,LeVoyer_S2,,,,,0,,,,,0,,,,,0,0.0
VG5350,VG5350,-53.99,3.56,2236.0,Indian,0.31,18.5206,183.56,78.0503,9.81688,7.95062,,LeVoyer_S2,,,,,0,,,,,0,,,,,0,0.0
AG2292,AG22-9-2,-53.158,22.83,3600.0,Indian,0.190472,9.4872,185.314,3.23487,1.10239,2.9344,0.70256,LeVoyer_S2,,,,,0,,,,,0,,,,,0,0.0
VG12402,VG12402,-52.749,11.711,4017.0,Indian,0.296852,15.7702,179.205,33.934,5.00215,6.78389,,LeVoyer_S2,,,,,0,,,,,0,,,,,0,0.0
VG12404,VG12404,-52.749,11.711,4017.0,Indian,0.337102,18.811,173.985,44.4659,6.92948,6.41692,,LeVoyer_S2,,,,,0,,,,,0,,,,,0,0.0
P91,P9-1,-52.58,26.335,2980.0,Indian,0.506112,20.3692,163.892,12.8901,3.75585,3.432,0.70255,LeVoyer_S2,,,,,0,,,,,0,,,,,0,0.0
VG12427,VG12427,-52.479,12.861,4193.0,Indian,0.203364,10.974,188.236,15.5654,2.47223,6.29608,,LeVoyer_S2,,,,,0,,,,,0,,,,,0,0.0
VG12430,VG12430,-52.479,12.861,4193.0,Indian,0.197457,11.1179,168.517,15.5529,2.488,6.25117,,LeVoyer_S2,,,,,0,,,,,0,,,,,0,0.0
AG2211,AG22-1-1,-52.293,16.91,3850.0,Indian,0.198393,12.1051,177.602,14.5104,2.82378,5.13865,0.70248,LeVoyer_S2,,,,,0,,,,,0,,,,,0,0.0
MOA8801017033,MOA8801-017-033,-50.222,127.417,3100.0,Indian,,,229.134,,,,,LeVoyer_S2,,,,,0,,,,,0,,,,,0,0.0
MOA8801016012,MOA8801-016-012,-50.163,127.577,3500.0,Indian,0.34,16.96,117.135,11.47,4.212,2.72317,0.70258,LeVoyer_S2,,,,,0,,,,,0,,,,,0,0.0
MOA8801022033,MOA8801-022-033,-49.68,125.892,4000.0,Indian,,,200.472,,,,,LeVoyer_S2,,,,,0,,,,,0,,,,,0,0.0
DUF0171124001,DUF0171-124-001,-49.03,108.51,3935.0,Indian,0.136059,6.36218,230.485,3.57792,1.0984,3.25739,,LeVoyer_S2,,,,,0,,,,,0,,,,,0,0.0
DUF0171088001,DUF0171-088-001,-47.08,96.83,2568.0,Indian,0.108168,6.43716,201.503,5.23561,1.11881,4.67964,,LeVoyer_S2,,,,,0,,,,,0,,,,,0,0.0
AG5333,AG53-3-3,-46.03,34.07,3000.0,Indian,0.615906,16.0472,200.767,40.1864,5.30632,7.5733,0.70276,LeVoyer_S2,,,,,0,,,,,0,,,,,0,0.0
D25171,D25-171,-44.815,35.847,1880.0,Indian,0.547302,24.0188,229.473,88.7888,13.0363,6.81089,,LeVoyer_S2,,,,,0,,,,,0,,,,,0,0.0
MD34D6,MD34D6,-44.18,38.795,2190.0,Indian,0.490493,21.3747,248.47,58.8254,7.75922,7.58136,,LeVoyer_S2,,,,,0,,,,,0,,,,,0,0.0
MD34D5,MD34D5,-43.893,40.653,2550.0,Indian,0.101215,8.25231,383.81,64.2184,2.44645,26.2497,0.704827,LeVoyer_S2,,,,,0,,,,,0,,,,,0,0.0
D2838,D28-38,-43.377,39.852,2400.0,Indian,0.419704,24.4788,223.808,188.678,8.87731,21.254,,LeVoyer_S2,,,,,0,,,,,0,,,,,0,0.0
D288,D28-8,-43.377,39.852,2400.0,Indian,0.363312,21.6496,168.38,167.091,7.73272,21.6083,,LeVoyer_S2,,,,,0,,,,,0,,,,,0,0.0
P289,P28-9,-43.377,39.852,2575.0,Indian,0.264365,15.7004,122.651,126.813,5.34133,23.7418,0.70399,LeVoyer_S2,,,,,0,,,,,0,,,,,0,0.0
D3088,D30-88,-42.687,41.985,3330.0,Indian,0.544786,18.0676,171.456,26.3687,3.81025,6.92047,,LeVoyer_S2,,,,,0,,,,,0,,,,,0,0.0
MELMBRG6033001,MELMBRG-6-033-001,-42.12,88.04,2450.0,Indian,,,168.037,,,,,LeVoyer_S2,,,,,0,,,,,0,,,,,0,0.0
DUF0171069001,DUF0171-069-001,-41.87,88.92,2353.0,Indian,0.0953241,4.73239,213.855,4.40854,0.737691,5.97614,,LeVoyer_S2,,,,,0,,,,,0,,,,,0,0.0
MELMBRG6039001,MELMBRG-6-039-001,-41.24,81.15,2776.0,Indian,,,201.429,,,,,LeVoyer_S2,,,,,0,,,,,0,,,,,0,0.0
D371,D37-1,-40.13,45.76,3000.0,Indian,0.524478,39.9172,301.527,268.307,26.2918,10.205,0.70383,LeVoyer_S2,,,,,0,,,,,0,,,,,0,0.0
P372,P37-2,-40.13,45.76,3000.0,Indian,0.473116,19.8873,331.709,86.7902,9.83531,8.82435,0.70325,LeVoyer_S2,,,,,0,,,,,0,,,,,0,0.0
D4173,D41-73,-38.66,46.63,1787.5,Indian,0.253313,10.1629,237.899,40.93,3.50094,11.6912,0.70333,LeVoyer_S2,,,,,0,,,,,0,,,,,0,0.0
P421,P42-1,-38.432,46.713,1857.5,Indian,0.757759,26.7282,131.392,89.3571,13.1138,6.81397,,LeVoyer_S2,,,,,0,,,,,0,,,,,0,0.0
MELMBRG6063001,MELMBRG-6-063-001,-38.2,78.37,1838.0,Indian,,,146.074,,,,,LeVoyer_S2,,,,,0,,,,,0,,,,,0,0.0
DUF0034003,DUF0034-003,-37.71,49.882,3260.0,Indian,0.36,6.279,249.252,6.739,1.295,5.20386,0.70279,LeVoyer_S2,,,,,0,,,,,0,,,,,0,0.0
DUF0107073,DUF0107-073,-37.69,49.85,2800.0,Indian,,,573.34,,,,,LeVoyer_S2,,,,,0,,,,,0,,,,,0,0.0
SWIRDR23,SWIR DR2-3,-37.69,50.52,1648.0,Indian,,,283.505,,,,,LeVoyer_S2,,,,,0,,,,,0,,,,,0,0.0
MELBMRG6R049,MELBMRG-6-R049,-35.64,78.46,3086.0,Indian,,,246.976,,,,,LeVoyer_S2,,,,,0,,,,,0,,,,,0,0.0
CHRHYAM005001,CHRHYAM-005-001,-34.96,78.54,,Indian,0.299,,178.052,,2.5,,0.70321,LeVoyer_S2,,,,,0,,,,,0,,,,,0,0.0
CHRHYAM004043,CHRHYAM-004-043,-34.91,78.67,,Indian,0.305,,178.052,,4.6,,0.70312,LeVoyer_S2,,,,,0,,,,,0,,,,,0,0.0
DUF0107049,DUF0107-049,-31.73,57.74,4050.0,Indian,,,486.31,,,,,LeVoyer_S2,,,,,0,,,,,0,,,,,0,0.0
DUF010701100101,DUF0107-011-001-01,-27.63,65.53,3500.0,Indian,,,228.8,,,,,LeVoyer_S2,,,,,0,,,,,0,,,,,0,0.0
VG6879,VG6879,-27.6,65.84,4950.0,Indian,0.322223,,200.977,,,,,LeVoyer_S2,,,,,0,,,,,0,,,,,0,0.0
VG6878,VG6878,-27.6,65.84,4850.0,Indian,0.27,13.4343,253.199,23.3341,4.31563,5.40689,,LeVoyer_S2,,,,,0,,,,,0,,,,,0,0.0
DUF010700100107,DUF0107-001-001-07,-26.09,68.73,4850.0,Indian,,,233.095,,,,,LeVoyer_S2,,,,,0,,,,,0,,,,,0,0.0
HAK9303003A1,HAK9303-003-A1,-25.235,69.9118,4100.0,Indian,,,251.408,7.46,,,0.70309,LeVoyer_S2,,,,,0,,,,,0,,,,,0,0.0
DUF0057004004,DUF0057-004-004,-20.27,67.67,3310.0,Indian,,,236.946,,,,,LeVoyer_S2,,,,,0,,,,,0,,,,,0,0.0
D101,D10-1,-20.16,66.32,3483.0,Indian,0.13321,,226.287,,,,,LeVoyer_S2,,,,,0,,,,,0,,,,,0,0.0
D102,D10-2,-20.16,66.32,3483.0,Indian,0.143826,6.07,236.127,8.3,1.51,5.49669,,LeVoyer_S2,,,,,0,,,,,0,,,,,0,0.0
VG756,VG756,-20.15,67.62,3400.0,Indian,0.0868579,3.8384,224.192,2.19914,0.466525,4.71387,,LeVoyer_S2,,,,,0,,,,,0,,,,,0,0.0
VG758,VG758,-20.15,67.62,3400.0,Indian,0.256712,11.4505,229.902,8.17929,2.00454,4.08039,,LeVoyer_S2,,,,,0,,,,,0,,,,,0,0.0
VG759,VG759,-20.15,67.62,3400.0,Indian,0.245889,11.137,235.623,8.06103,1.94879,4.13642,,LeVoyer_S2,,,,,0,,,,,0,,,,,0,0.0
VG755,VG755,-20.15,67.62,3400.0,Indian,0.263356,11.4552,296.449,8.43589,1.97295,4.27576,,LeVoyer_S2,,,,,0,,,,,0,,,,,0,0.0
VM0029001002,VM0029-001-002,-20.15,67.62,3486.0,Indian,0.0873067,3.70536,149.765,2.19914,0.466525,4.71387,,LeVoyer_S2,,,,,0,,,,,0,,,,,0,0.0
D122,D12-2,-20.07,66.27,3550.0,Indian,0.112369,4.24,424.889,8.7,1.45,6.0,,LeVoyer_S2,,,,,0,,,,,0,,,,,0,0.0
D123,D12-3,-20.07,66.27,3550.0,Indian,0.112148,,261.942,,,,,LeVoyer_S2,,,,,0,,,,,0,,,,,0,0.0
D144,D14-4,-19.91,66.17,3267.0,Indian,0.20632,,238.118,,,,,LeVoyer_S2,,,,,0,,,,,0,,,,,0,0.0
VG6824,VG6824,-19.83,66.05,2810.0,Indian,0.18,7.42718,227.828,13.1605,1.94739,6.75803,,LeVoyer_S2,,,,,0,,,,,0,,,,,0,0.0
VG6829,VG6829,-19.83,66.05,2810.0,Indian,0.18,7.55926,252.764,13.6631,1.93833,7.0489,,LeVoyer_S2,,,,,0,,,,,0,,,,,0,0.0
D182,D18-2,-19.72,65.86,2216.0,Indian,0.147922,15.91,205.659,17.3,2.13,8.12207,,LeVoyer_S2,,,,,0,,,,,0,,,,,0,0.0
D202,D20-2,-19.7,65.49,2002.0,Indian,0.137662,,222.237,,,,,LeVoyer_S2,,,,,0,,,,,0,,,,,0,0.0
D192,D19-2,-19.69,65.82,2176.0,Indian,0.132675,5.97,224.679,11.7,2.01,5.8209,,LeVoyer_S2,,,,,0,,,,,0,,,,,0,0.0
DR031VC,DR03-1vc,-19.69,65.96,2990.0,Indian,0.238609,10.62,451.293,27.0,4.2,6.42857,0.703231,LeVoyer_S2,,,,,0,,,,,0,,,,,0,0.0
DR081,DR08-1,-19.66,65.54,2110.0,Indian,0.407574,10.36,843.768,3.0,1.05,2.85714,0.703973,LeVoyer_S2,,,,,0,,,,,0,,,,,0,0.0
DR091,DR09-1,-19.65,65.68,2071.0,Indian,0.323116,6.67,287.543,6.8,1.48,4.59459,0.703873,LeVoyer_S2,,,,,0,,,,,0,,,,,0,0.0
D171,D17-1,-19.61,65.88,2742.0,Indian,0.298184,,245.816,,,,,LeVoyer_S2,,,,,0,,,,,0,,,,,0,0.0
DR011,DR01-1,-19.55,65.94,2130.0,Indian,0.340752,8.32,241.808,22.0,3.04,7.23684,,LeVoyer_S2,,,,,0,,,,,0,,,,,0,0.0
DR023,DR02-3,-19.55,65.99,2120.0,Indian,0.14983,7.12,221.631,11.0,1.71,6.43275,0.703266,LeVoyer_S2,,,,,0,,,,,0,,,,,0,0.0
PL202,PL20-2,-19.49,65.85,2695.0,Indian,0.177004,7.32,282.932,7.33,1.28,5.72656,0.703417,LeVoyer_S2,,,,,0,,,,,0,,,,,0,0.0
RC1,RC1,-19.09,65.55,2853.0,Indian,0.613987,21.4,265.022,110.8,11.3,9.80531,,LeVoyer_S2,,,,,0,,,,,0,,,,,0,0.0
RC4,RC4,-18.96,65.53,3068.0,Indian,0.345746,11.0,319.674,41.4,4.6,9.0,,LeVoyer_S2,,,,,0,,,,,0,,,,,0,0.0
RC13,RC13,-18.94,65.54,3039.0,Indian,0.127266,7.6,359.097,18.7,2.0,9.35,,LeVoyer_S2,,,,,0,,,,,0,,,,,0,0.0
RC12,RC12,-18.92,65.54,3099.0,Indian,0.268527,8.4,270.62,27.0,3.1,8.70968,,LeVoyer_S2,,,,,0,,,,,0,,,,,0,0.0
RC10,RC10,-18.91,65.51,3064.0,Indian,0.262141,7.3,286.91,24.8,3.3,7.51515,,LeVoyer_S2,,,,,0,,,,,0,,,,,0,0.0
RC5,RC5,-18.65,65.44,3120.0,Indian,0.336026,9.5,343.511,31.5,3.6,8.75,,LeVoyer_S2,,,,,0,,,,,0,,,,,0,0.0
RC7,RC7,-18.63,65.48,2996.0,Indian,0.176152,18.6,305.343,74.3,8.0,9.2875,,LeVoyer_S2,,,,,0,,,,,0,,,,,0,0.0
RC21,RC21,-18.37,65.32,2765.0,Indian,0.498091,14.5,330.273,64.1,7.8,8.21795,,LeVoyer_S2,,,,,0,,,,,0,,,,,0,0.0
RC20,RC20,-18.35,65.3,2788.0,Indian,0.49771,16.3,165.385,69.0,8.1,8.51852,,LeVoyer_S2,,,,,0,,,,,0,,,,,0,0.0
D61,D6-1,-18.22,65.41,2048.0,Indian,0.247086,14.94,259.39,52.8,8.03,6.57534,,LeVoyer_S2,,,,,0,,,,,0,,,,,0,0.0
D91,D9-1,-18.13,65.21,3127.0,Indian,0.687642,26.51,305.046,116.9,12.62,9.26307,,LeVoyer_S2,,,,,0,,,,,0,,,,,0,0.0
D82,D8-2,-18.05,65.14,3202.0,Indian,0.604296,19.81,314.314,68.9,8.01,8.60175,,LeVoyer_S2,,,,,0,,,,,0,,,,,0,0.0
D83,D8-3,-18.05,65.14,3202.0,Indian,0.533036,,167.455,,,,,LeVoyer_S2,,,,,0,,,,,0,,,,,0,0.0
D33,D3-3,-16.96,66.88,4272.0,Indian,,13.97,250.049,48.6,14.02,3.46648,,LeVoyer_S2,,,,,0,,,,,0,,,,,0,0.0
D11,D1-1,-16.7,66.65,3146.0,Indian,0.35232,14.09,353.712,49.1,6.26,7.84345,,LeVoyer_S2,,,,,0,,,,,0,,,,,0,0.0
VG3098,VG3098,-5.35,68.7,4100.0,Indian,0.22,12.4091,296.802,5.0889,1.18126,4.30803,,LeVoyer_S2,80,140,60,1056.9,3,80,140,60,1056.9,3,80,120,40,1027.4,2,1056.9
DUF0057013007,DUF0057-013-007,-1.48,67.65,3200.0,Indian,0.47,,177.29,,,,0.702907,LeVoyer_S2,80,140,60,2208.7,3,80,140,60,2208.7,3,80,140,60,2208.7,3,2209.5
VG5259,VG5259,9.83,57.96,3066.0,Indian,0.0528509,,242.647,,,,,LeVoyer_S2,40,120,80,974.0,4,40,120,80,974.0,3,60,120,60,950.1,2,974.0
VEM00337064003,VEM0033-7-064-003,13.337,50.692,3275.0,Indian,0.144339,4.63409,278.083,9.3,1.183,7.86137,,LeVoyer_S2,80,120,40,554.3,4,80,120,40,554.3,4,100,120,20,526.2,3,947.9
VEM00337066001,VEM0033-7-066-001,14.392,52.683,1710.0,Indian,0.33225,6.18,240.053,4.2,0.988,4.25101,,LeVoyer_S2,100,120,20,528.3,3,100,120,20,528.3,3,100,120,20,528.3,3,800.2
VEM00336024001,VEM0033-6-024-001,14.75,54.8,2743.0,Indian,0.170951,6.14748,319.129,7.1,0.975,7.28205,,LeVoyer_S2,40,120,80,540.3,6,40,60,20,28.9,4,100,120,20,495.9,1,580.3
PS91980059004,PS91980-059-004,17.98,40.07,1410.0,Indian,,,419.506,,,,,LeVoyer_S2,80,260,180,3718.0,11,80,260,180,3718.0,10,80,120,40,954.0,9,4786.5
DSDP023B0226002001D,DSDP023B-0226-002-001D,21.3418,38.0822,2169.0,Indian,,,431.833,50.0,,,,LeVoyer_S2,80,260,180,6989.7,11,80,260,180,6989.7,10,80,260,180,6989.7,10,7641.3
CV01G,CV01g,-65.1,-173.75,2863.0,Pacific,0.129864,5.6,223.004,,1.43,,0.702597,LeVoyer_S2,80,120,40,902.1,8,80,120,40,902.1,8,80,120,40,902.1,8,4190.0
CV03G,CV03g,-64.533,-171.875,2576.0,Pacific,0.161921,8.7,197.143,,2.21,,0.702406,LeVoyer_S2,80,120,40,866.1,9,80,120,40,866.1,8,80,100,20,850.5,7,3793.9
CV04G,CV04g,-64.399,-169.4,2340.0,Pacific,0.103291,6.3,186.116,,1.03,,0.702512,LeVoyer_S2,60,120,60,737.9,10,80,100,20,731.5,8,80,100,20,731.5,7,2616.5
CV06,CV06,-63.45,-166.06,2755.0,Pacific,0.134686,,163.954,,0.8,,0.702397,LeVoyer_S2,60,100,40,249.8,9,80,100,20,243.8,5,80,100,20,243.8,4,1383.6
DR03G,DR03g,-62.32,-156.08,2219.0,Pacific,0.27537,14.8,192.441,,4.91,,0.702421,LeVoyer_S2,320,380,60,499.8,3,320,380,60,499.8,3,320,380,60,499.8,3,499.9
DR05G,DR05g,-62.0,-154.538,2344.0,Pacific,0.173661,10.2,186.061,,3.43,,0.702407,LeVoyer_S2,320,380,60,340.2,3,320,380,60,340.2,3,340,380,40,325.4,2,340.2
DR6,DR6,-60.94,-153.21,2527.0,Pacific,0.271,14.6,170.255,,3.7,,0.702502,LeVoyer_S2,340,380,40,232.0,2,340,380,40,232.0,2,360,380,20,204.4,1,232.8
DR71,DR7-1,-60.0,-152.08,2362.0,Pacific,0.311,17.9,185.616,,5.8,,0.702472,LeVoyer_S2,340,380,40,213.6,2,340,380,40,213.6,2,340,380,40,213.6,2,213.6
DR72,DR7-2,-60.0,-152.08,2362.0,Pacific,0.244,13.1,206.97,,3.4,,0.702454,LeVoyer_S2,340,380,40,213.6,2,340,380,40,213.6,2,340,380,40,213.6,2,213.6
DR09G,DR09g,-58.85,-149.14,2484.0,Pacific,0.301965,15.9,186.26,,3.36,,0.702467,LeVoyer_S2,340,380,40,276.5,2,340,380,40,276.5,2,340,380,40,276.5,2,276.5
DR101,DR10-1,-57.892,-148.498,2319.0,Pacific,0.553164,,173.743,,13.62,,0.702473,LeVoyer_S2,340,380,40,229.2,2,340,380,40,229.2,2,340,360,20,218.0,1,229.2
DR102,DR10-2,-57.89,-148.5,2319.0,Pacific,0.384,23.1,189.915,,8.0,,,LeVoyer_S2,340,380,40,229.2,2,340,380,40,229.2,2,340,360,20,218.0,1,229.2
DR111,DR11-1,-57.63,-146.8,2500.0,Pacific,0.189,9.6,166.234,,1.9,,0.702435,LeVoyer_S2,340,380,40,327.1,2,340,360,20,322.9,1,340,360,20,322.9,1,327.1
DR121,DR12-1,-57.18,-146.29,2539.0,Pacific,0.117,6.0,117.2,,0.8,,0.70231,LeVoyer_S2,340,380,40,335.8,2,340,360,20,334.5,1,340,360,20,334.5,1,335.8
DR13G,DR13g,-56.57,-145.743,2674.0,Pacific,0.232704,11.7,211.712,,2.86,,,LeVoyer_S2,340,360,20,303.7,1,340,360,20,303.7,1,340,360,20,303.7,1,304.0
DR131G,DR13-1g,-56.57,-145.743,2674.0,Pacific,0.274085,,195.0,,2.86,,,LeVoyer_S2,340,360,20,303.7,1,340,360,20,303.7,1,340,360,20,303.7,1,304.0
DR132,DR13-2,-56.57,-145.74,2674.0,Pacific,0.235,11.1,196.875,,2.9,,0.702556,LeVoyer_S2,340,360,20,303.7,1,340,360,20,303.7,1,340,360,20,303.7,1,304.0
DR021G,DR02-1g,-52.13,-118.13,2405.0,Pacific,0.36416,15.62,198.892,,4.79,,0.702417,LeVoyer_S2,,,,,0,,,,,0,,,,,0,0.0
DR033G,DR03-3g,-51.79,-117.96,2397.0,Pacific,0.36877,14.79,166.667,,4.4,,0.702382,LeVoyer_S2,,,,,0,,,,,0,,,,,0,0.0
DR042G,DR04-2g,-51.43,-117.78,2409.0,Pacific,0.29046,12.79,233.137,,3.13,,0.702367,LeVoyer_S2,,,,,0,,,,,0,,,,,0,0.0
DR52,DR5-2,-50.98,-117.4,2784.0,Pacific,0.33,17.6,249.337,28.0,6.8,4.11765,0.702524,LeVoyer_S2,,,,,0,,,,,0,,,,,0,0.0
DR66,DR6-6,-50.7,-117.2,2610.0,Pacific,0.655,39.0,227.099,47.0,14.8,3.17568,0.702396,LeVoyer_S2,,,,,0,,,,,0,,,,,0,0.0
DR72,DR7-2,-50.24,-117.1,2229.0,Pacific,0.276,17.7,187.5,27.0,6.9,3.91304,,LeVoyer_S2,,,,,0,,,,,0,,,,,0,0.0
DR082G,DR08-2g,-49.99,-116.97,2221.0,Pacific,0.375777,,167.949,,,,,LeVoyer_S2,,,,,0,,,,,0,,,,,0,0.0
DR201G,DR20-1g,-49.73,-113.78,2441.0,Pacific,0.710222,34.18,155.932,,10.7,,0.702493,LeVoyer_S2,,,,,0,,,,,0,,,,,0,0.0
DR221G,DR22-1g,-48.73,-113.37,2413.0,Pacific,0.313149,14.63,207.789,,4.28,,0.702465,LeVoyer_S2,,,,,0,,,,,0,,,,,0,0.0
DR282,DR28-2,-47.51,-113.3,2488.0,Pacific,0.166,8.6,247.099,6.0,2.4,2.5,0.702468,LeVoyer_S2,,,,,0,,,,,0,,,,,0,0.0
DR291G,DR29-1g,-47.01,-113.09,2407.0,Pacific,0.393963,17.06,214.046,,5.12,,0.702504,LeVoyer_S2,,,,,0,,,,,0,,,,,0,0.0
DR301,DR30-1,-46.4,-112.9,2345.0,Pacific,0.245,14.9,193.023,14.0,4.4,3.18182,0.702472,LeVoyer_S2,,,,,0,,,,,0,,,,,0,0.0
DR3103,DR31-03,-45.85,-112.69,2414.0,Pacific,,12.65,230.928,,3.15,,0.702479,LeVoyer_S2,,,,,0,,,,,0,,,,,0,0.0
DR321,DR32-1,-45.39,-112.4,2384.0,Pacific,0.269,16.2,164.43,15.0,4.6,3.26087,0.702516,LeVoyer_S2,,,,,0,,,,,0,,,,,0,0.0
DR331,DR33-1,-44.87,-112.3,2374.0,Pacific,0.266,16.2,166.049,13.0,4.8,2.70833,0.702488,LeVoyer_S2,,,,,0,,,,,0,,,,,0,0.0
DR351AG,DR35-1ag,-43.59,-111.8,2463.0,Pacific,0.646055,,185.739,,,,,LeVoyer_S2,,,,,0,,,,,0,,,,,0,0.0
DR361G,DR36-1g,-42.95,-111.56,2503.0,Pacific,0.367329,16.15,164.198,,4.23,,0.702479,LeVoyer_S2,,,,,0,,,,,0,,,,,0,0.0
DR381,DR38-1,-41.8,-113.3,2524.0,Pacific,0.175,10.2,227.448,7.0,2.3,3.04348,0.702465,LeVoyer_S2,,,,,0,,,,,0,,,,,0,0.0
SON0100102001,SON0100-102-001,-37.7766,-110.905,2260.0,Pacific,,,171.569,34.24,7.44,4.60215,,LeVoyer_S2,,,,,0,,,,,0,,,,,0,0.0
SON0100106001,SON0100-106-001,-36.9067,-110.632,2455.0,Pacific,,,248.485,,,,,LeVoyer_S2,,,,,0,,,,,0,,,,,0,0.0
END0112004001,END0112-004-001,-33.45,-112.5,2400.0,Pacific,,,251.678,9.614,4.675,2.05647,,LeVoyer_S2,,,,,0,,,,,0,,,,,0,0.0
END0112007002,END0112-007-002,-32.12,-112.27,2500.0,Pacific,0.059,4.08216,180.158,0.622553,0.399305,1.55909,,LeVoyer_S2,,,,,0,,,,,0,,,,,0,0.0
END0112007004,END0112-007-004,-32.117,-112.267,2500.0,Pacific,,,144.531,,5.2,,,LeVoyer_S2,,,,,0,,,,,0,,,,,0,0.0
VG952,VG952,-30.99,-109.31,3727.0,Pacific,0.0876835,6.16425,151.111,1.9721,0.792366,2.48887,,LeVoyer_S2,,,,,0,,,,,0,,,,,0,0.0
SONGMP5264,SONGMP5-264,-29.7725,-111.727,2520.0,Pacific,0.29,12.0,142.245,,,,0.702473,LeVoyer_S2,,,,,0,,,,,0,,,,,0,0.0
END0113048001,END0113-048-001,-29.02,-112.7,2448.0,Pacific,0.253,15.69,241.667,8.1,2.649,3.05776,0.702421,LeVoyer_S2,,,,,0,,,,,0,,,,,0,0.0
END0113047002,END0113-047-002,-29.01,-112.79,2488.0,Pacific,0.217,13.5,201.824,,,,0.70245,LeVoyer_S2,,,,,0,,,,,0,,,,,0,0.0
G258,G258,-28.7603,-112.987,2355.0,Pacific,0.753589,30.3628,160.741,20.4099,7.66826,2.6616,,LeVoyer_S2,,,,,0,,,,,0,,,,,0,0.0
END0113046002,END0113-046-002,-28.72,-112.73,2750.0,Pacific,0.112,8.76,126.316,6.5,2.086,3.11601,,LeVoyer_S2,,,,,0,,,,,0,,,,,0,0.0
G243,G243,-27.768,-113.273,1985.0,Pacific,0.308663,15.2452,248.195,14.1601,4.41137,3.20992,,LeVoyer_S2,,,,,0,,,,,0,,,,,0,0.0
GIL7202076004,GIL7202-076-004,-27.67,-112.95,2190.0,Pacific,0.21,,127.854,,3.1,,,LeVoyer_S2,,,,,0,,,,,0,,,,,0,0.0
END0113044005,END0113-044-005,-27.64,-112.84,2522.0,Pacific,0.12,6.08,202.466,10.8,2.087,5.17489,0.702685,LeVoyer_S2,,,,,0,,,,,0,,,,,0,0.0
END0113043002,END0113-043-002,-27.3,-112.81,2438.0,Pacific,0.315,16.34,163.006,21.9,6.21,3.52657,0.702686,LeVoyer_S2,,,,,0,,,,,0,,,,,0,0.0
END0113043001,END0113-043-001,-27.3,-112.81,2438.0,Pacific,0.29,16.98,197.368,19.5,6.2,3.14516,,LeVoyer_S2,,,,,0,,,,,0,,,,,0,0.0
END0113005010,END0113-005-010,-27.21,-112.77,2632.0,Pacific,0.092,6.56,192.778,5.4,0.956,5.64854,,LeVoyer_S2,,,,,0,,,,,0,,,,,0,0.0
END0113005001,END0113-005-001,-27.21,-112.77,2632.0,Pacific,0.097,6.27,170.789,,,,,LeVoyer_S2,,,,,0,,,,,0,,,,,0,0.0
END0113042001,END0113-042-001,-26.92,-112.7,2590.0,Pacific,0.455,21.22,154.705,41.3,11.45,3.60699,0.702807,LeVoyer_S2,,,,,0,,,,,0,,,,,0,0.0
END0113006001,END0113-006-001,-26.81,-112.64,2362.0,Pacific,0.761,37.0,140.244,,,,,LeVoyer_S2,,,,,0,,,,,0,,,,,0,0.0
END0113041001,END0113-041-001,-26.58,-112.65,2282.0,Pacific,0.49,24.88,214.42,53.8,14.16,3.79944,0.70285,LeVoyer_S2,,,,,0,,,,,0,,,,,0,0.0
END0113007001,END0113-007-001,-26.46,-112.57,2272.0,Pacific,0.694,32.92,205.676,80.0,20.2,3.9604,0.702854,LeVoyer_S2,,,,,0,,,,,0,,,,,0,0.0
END0113008013,END0113-008-013,-25.98,-112.55,2668.0,Pacific,0.363,18.14,210.814,32.1,9.09,3.53135,,LeVoyer_S2,,,,,0,,,,,0,,,,,0,0.0
END0113008001,END0113-008-001,-25.98,-112.55,2668.0,Pacific,0.335,19.42,196.945,29.1,8.62,3.37587,0.702683,LeVoyer_S2,,,,,0,,,,,0,,,,,0,0.0
END0113024001,END0113-024-001,-25.9,-115.86,2212.0,Pacific,0.27,15.3,199.543,,,,0.702595,LeVoyer_S2,,,,,0,,,,,0,,,,,0,0.0
END0113009001,END0113-009-001,-25.66,-112.38,2865.0,Pacific,,,172.503,,,,0.70271,LeVoyer_S2,,,,,0,,,,,0,,,,,0,0.0
END0113010001,END0113-010-001,-25.47,-112.39,2970.0,Pacific,,,200.11,25.6,7.8,3.28205,0.702696,LeVoyer_S2,,,,,0,,,,,0,,,,,0,0.0
END0113026001,END0113-026-001,-25.28,-116.27,2052.0,Pacific,0.08,3.8,176.471,3.25,0.399,8.14536,0.702289,LeVoyer_S2,,,,,0,,,,,0,,,,,0,0.0
END0113027001,END0113-027-001,-24.99,-116.36,2060.0,Pacific,,,210.526,24.2,5.608,4.31526,,LeVoyer_S2,,,,,0,,,,,0,,,,,0,0.0
END0113013004,END0113-013-004,-24.86,-112.45,2948.0,Pacific,0.236,,207.797,,,,,LeVoyer_S2,,,,,0,,,,,0,,,,,0,0.0
END0113014010,END0113-014-010,-24.78,-111.97,2630.0,Pacific,0.154,10.36,170.94,12.6,2.12,5.9434,,LeVoyer_S2,,,,,0,,,,,0,,,,,0,0.0
END0113028001,END0113-028-001,-24.64,-116.42,2740.0,Pacific,,,180.995,,,,,LeVoyer_S2,,,,,0,,,,,0,,,,,0,0.0
END0113015001,END0113-015-001,-24.53,-111.79,2975.0,Pacific,,,148.649,11.9,3.649,3.26117,0.702619,LeVoyer_S2,,,,,0,,,,,0,,,,,0,0.0
END0113039002,END0113-039-002,-24.36,-111.98,2898.0,Pacific,,,149.254,9.5,2.136,4.44757,0.702538,LeVoyer_S2,,,,,0,,,,,0,,,,,0,0.0
END0113030001,END0113-030-001,-24.11,-115.41,2800.0,Pacific,0.072,4.26,240.829,5.1,0.533,9.56848,0.702285,LeVoyer_S2,,,,,0,,,,,0,,,,,0,0.0
END0113031001,END0113-031-001,-23.77,-115.47,2660.0,Pacific,,,169.014,12.2,2.238,5.4513,,LeVoyer_S2,,,,,0,,,,,0,,,,,0,0.0
END0113032002,END0113-032-002,-23.48,-115.38,3270.0,Pacific,,,149.474,,,,,LeVoyer_S2,,,,,0,,,,,0,,,,,0,0.0
SONGMP4128,SONGMP4-128,-22.9892,-114.513,3003.0,Pacific,0.1,4.4,162.349,,,,0.702422,LeVoyer_S2,,,,,0,,,,,0,,,,,0,0.0
END0113036SG,END0113-036-SG,-22.68,-114.51,2975.0,Pacific,0.181,,227.273,,,,,LeVoyer_S2,,,,,0,,,,,0,,,,,0,0.0
END0113035001,END0113-035-001,-22.53,-114.47,2912.0,Pacific,0.16,8.41,171.92,5.2,1.277,4.07204,0.702427,LeVoyer_S2,,,,,0,,,,,0,,,,,0,0.0
SONGMP4136,SONGMP4-136,-22.2558,-114.454,2914.0,Pacific,0.19,11.0,192.308,,,,,LeVoyer_S2,,,,,0,,,,,0,,,,,0,0.0
CHRSR02R003,CHRSR02-R003,-21.63,-114.0,2850.0,Pacific,0.23,,190.25,,,,,LeVoyer_S2,,,,,0,,,,,0,,,,,0,0.0
CHRSR02004,CHRSR02-004,-21.561,-114.303,2796.0,Pacific,0.25,,172.727,,,,,LeVoyer_S2,,,,,0,,,,,0,,,,,0,0.0
CHRSR02003,CHRSR02-003,-21.4077,-114.278,2806.0,Pacific,0.18,,172.727,,,,,LeVoyer_S2,,,,,0,,,,,0,,,,,0,0.0
NADNAUD0110021,NADNAUD-011-002/1,-18.55,-113.42,2644.0,Pacific,,,227.544,,,,,LeVoyer_S2,,,,,0,,,,,0,,,,,0,0.0
SONGMP5296,SONGMP5-296,-17.1308,-113.133,2597.0,Pacific,0.18,,191.667,,,,,LeVoyer_S2,,,,,0,,,,,0,,,,,0,0.0
SONGMP5312,SONGMP5-312,-16.7085,-113.068,2651.0,Pacific,0.17,9.3,172.864,,,,0.702703,LeVoyer_S2,,,,,0,,,,,0,,,,,0,0.0
G319,G319,-16.4398,-113.05,2674.0,Pacific,0.169468,9.15862,194.063,4.53073,1.4549,3.11412,,LeVoyer_S2,,,,,0,,,,,0,,,,,0,0.0
SONGMP5319,SONGMP5-319,-16.4398,-113.05,2674.0,Pacific,0.21,,182.796,,,,0.702531,LeVoyer_S2,,,,,0,,,,,0,,,,,0,0.0
G324,G324,-15.7732,-112.948,2628.5,Pacific,0.338812,15.9787,185.036,12.0754,3.50472,3.44547,,LeVoyer_S2,,,,,0,,,,,0,,,,,0,0.0
SONGMP5338,SONGMP5-338,-14.4475,-112.599,2624.0,Pacific,,,183.333,,,,,LeVoyer_S2,,,,,0,,,,,0,,,,,0,0.0
VG882,VG882,-14.08,-110.82,3778.0,Pacific,0.199371,9.74271,197.646,8.26777,2.33609,3.53915,,LeVoyer_S2,,,,,0,,,,,0,,,,,0,0.0
SONGMP5341,SONGMP5-341,-13.9908,-112.479,2635.0,Pacific,0.27,,212.039,,,,,LeVoyer_S2,,,,,0,,,,,0,,,,,0,0.0
SONGMP5346,SONGMP5-346,-13.9848,-112.483,2634.0,Pacific,0.31,,208.333,,,,,LeVoyer_S2,,,,,0,,,,,0,,,,,0,0.0
SON0012087A,SON0012-087-A,-13.3102,-111.135,3105.0,Pacific,,,196.798,,,,,LeVoyer_S2,,,,,0,,,,,0,,,,,0,0.0
B371,B371,-11.874,-110.723,2614.0,Pacific,0.20245,9.68373,204.636,4.33262,1.2707,3.40962,0.702351,LeVoyer_S2,,,,,0,,,,,0,,,,,0,0.0
SONGMP5371,SONGMP5-371,-11.874,-110.723,2630.0,Pacific,,,198.654,,,,0.702351,LeVoyer_S2,,,,,0,,,,,0,,,,,0,0.0
SONGMP5386,SONGMP5-386,-10.5602,-110.277,2662.0,Pacific,0.32,,209.062,,,,,LeVoyer_S2,,,,,0,,,,,0,,,,,0,0.0
SON0026147K113G,SON0026-147-K113G,-9.54,-110.25,2659.0,Pacific,0.38,11.0,208.762,4.0,3.0,1.33333,,LeVoyer_S2,,,,,0,,,,,0,,,,,0,0.0
G407,G407,-7.3952,-107.791,2740.0,Pacific,0.339948,17.0861,345.455,13.5867,3.38119,4.01832,0.702635,LeVoyer_S2,,,,,0,,,,,0,,,,,0,0.0
SONGMP5407,SONGMP5-407,-7.3952,-107.791,2740.0,Pacific,0.34,19.0,261.011,,,,0.702635,LeVoyer_S2,,,,,0,,,,,0,,,,,0,0.0
B412,B412,-7.3948,-107.79,2728.5,Pacific,0.357512,18.5458,198.962,35.8351,6.22783,5.75402,0.702672,LeVoyer_S2,,,,,0,,,,,0,,,,,0,0.0
SONGMP5412,SONGMP5-412,-7.3948,-107.79,2740.0,Pacific,,,178.947,,,,0.702672,LeVoyer_S2,,,,,0,,,,,0,,,,,0,0.0
G409,G409,-6.6038,-107.516,2753.0,Pacific,0.266313,14.4368,192.773,5.09644,2.09397,2.43387,,LeVoyer_S2,,,,,0,,,,,0,,,,,0,0.0
VG789,VG789,-6.25,-107.23,3082.0,Pacific,0.146986,7.93759,184.469,7.97865,1.98715,4.01512,,LeVoyer_S2,,,,,0,,,,,0,,,,,0,0.0
VG788,VG788,-6.25,-107.23,3082.0,Pacific,0.147764,7.99321,140.909,8.32623,2.14582,3.8802,,LeVoyer_S2,,,,,0,,,,,0,,,,,0,0.0
D33A,D33A,-4.6965,-104.802,3489.03,Pacific,0.458578,17.88,185.177,12.67,3.934,3.22064,,LeVoyer_S2,,,,,0,,,,,0,,,,,0,0.0
D42A2,D42A2,-4.6605,-105.423,3324.59,Pacific,0.135022,7.57,256.475,1.16,0.606,1.91419,,LeVoyer_S2,,,,,0,,,,,0,,,,,0,0.0
D42A,D42A,-4.6605,-105.423,3324.59,Pacific,0.15503,8.11,246.347,1.36,0.748,1.81818,0.702439,LeVoyer_S2,,,,,0,,,,,0,,,,,0,0.0
D32AA,D32A-A,-4.6515,-104.784,3155.19,Pacific,,,178.365,,,,,LeVoyer_S2,,,,,0,,,,,0,,,,,0,0.0
D32AC,D32A-C,-4.6515,-104.784,3155.19,Pacific,0.526939,19.53,191.159,13.37,4.247,3.1481,,LeVoyer_S2,,,,,0,,,,,0,,,,,0,0.0
D38A,D38A,-4.647,-106.342,2560.8,Pacific,,,269.81,,,,,LeVoyer_S2,,,,,0,,,,,0,,,,,0,0.0
D45B,D45B,-4.626,-105.342,2788.65,Pacific,0.118168,4.11,319.243,1.44,0.476,3.02521,0.702909,LeVoyer_S2,,,,,0,,,,,0,,,,,0,0.0
D45A,D45A,-4.626,-105.342,2788.65,Pacific,0.146722,4.29,293.619,1.42,0.489,2.90389,0.702994,LeVoyer_S2,,,,,0,,,,,0,,,,,0,0.0
D43A,D43A,-4.605,-105.414,3309.73,Pacific,0.142747,7.19,342.009,2.29,0.89,2.57303,0.702596,LeVoyer_S2,,,,,0,,,,,0,,,,,0,0.0
D31UN,D31un,-4.596,-104.685,2933.28,Pacific,0.361007,15.84,287.513,12.1,3.65,3.31507,,LeVoyer_S2,,,,,0,,,,,0,,,,,0,0.0
D37A,D37A,-4.5795,-105.144,4687.71,Pacific,0.118751,6.01,198.535,5.79,1.494,3.8755,0.702866,LeVoyer_S2,,,,,0,,,,,0,,,,,0,0.0
D44A,D44A,-4.5705,-105.405,3348.36,Pacific,0.081544,4.84,227.908,0.71,0.361,1.96676,0.702409,LeVoyer_S2,,,,,0,,,,,0,,,,,0,0.0
D47UN,D47un,-4.569,-105.153,4691.67,Pacific,0.198908,7.89,168.479,5.67,1.612,3.51737,,LeVoyer_S2,,,,,0,,,,,0,,,,,0,0.0
D47A,D47A,-4.569,-105.153,4691.67,Pacific,0.204601,8.27,197.589,6.16,1.706,3.61079,0.702901,LeVoyer_S2,,,,,0,,,,,0,,,,,0,0.0
D34UN,D34un,-4.566,-104.946,3372.14,Pacific,0.305956,9.1,328.114,16.16,3.006,5.37591,,LeVoyer_S2,,,,,0,,,,,0,,,,,0,0.0
D34A,D34A,-4.566,-104.946,3372.14,Pacific,0.278583,9.15,252.101,16.25,2.961,5.48801,,LeVoyer_S2,,,,,0,,,,,0,,,,,0,0.0
D41A,D41A,-4.5615,-106.036,3619.8,Pacific,0.503155,23.09,304.462,19.24,5.47,3.51737,,LeVoyer_S2,,,,,0,,,,,0,,,,,0,0.0
D36C,D36C,-4.554,-105.117,4461.84,Pacific,0.26421,12.01,336.215,11.83,3.37,3.51039,0.702808,LeVoyer_S2,,,,,0,,,,,0,,,,,0,0.0
D39A,D39A,-4.545,-106.306,2599.44,Pacific,0.562994,20.47,217.91,21.96,5.769,3.80655,0.702692,LeVoyer_S2,,,,,0,,,,,0,,,,,0,0.0
D35UN,D35un,-4.5345,-105.081,4835.31,Pacific,0.256789,10.88,231.638,7.93,2.411,3.28909,,LeVoyer_S2,,,,,0,,,,,0,,,,,0,0.0
D35C,D35C,-4.5345,-105.081,4835.31,Pacific,0.253627,10.6,275.034,7.82,2.389,3.27334,,LeVoyer_S2,,,,,0,,,,,0,,,,,0,0.0
D35A,D35A,-4.5345,-105.081,4835.31,Pacific,0.262909,11.35,219.992,8.37,2.508,3.33732,,LeVoyer_S2,,,,,0,,,,,0,,,,,0,0.0
D30A,D30A,-4.527,-104.631,3348.36,Pacific,0.419779,17.36,286.332,16.96,4.527,3.74641,,LeVoyer_S2,,,,,0,,,,,0,,,,,0,0.0
D40A,D40A,-4.518,-106.18,2782.71,Pacific,0.285259,11.73,239.271,9.14,2.558,3.5731,,LeVoyer_S2,,,,,0,,,,,0,,,,,0,0.0
D46A,D46A,-4.499,-105.234,2879.79,Pacific,1.08233,37.8,236.019,64.81,18.317,3.53824,,LeVoyer_S2,,,,,0,,,,,0,,,,,0,0.0
D44B,D44B,-4.4985,-105.234,2790.63,Pacific,0.0888,4.85,243.188,0.74,0.372,1.98925,0.702411,LeVoyer_S2,,,,,0,,,,,0,,,,,0,0.0
D29A,D29A,-4.347,-104.595,2744.07,Pacific,0.338231,15.19,183.093,11.81,3.589,3.29061,,LeVoyer_S2,,,,,0,,,,,0,,,,,0,0.0
D24D,D24D,-4.005,-104.162,2617.27,Pacific,0.282011,13.53,215.977,8.29,2.736,3.02997,,LeVoyer_S2,,,,,0,,,,,0,,,,,0,0.0
D24A,D24A,-4.005,-104.162,2617.27,Pacific,0.296968,13.75,222.667,8.39,2.781,3.0169,0.702547,LeVoyer_S2,,,,,0,,,,,0,,,,,0,0.0
D24B,D24B,-4.005,-104.162,2617.27,Pacific,0.293387,13.51,241.808,8.33,2.71,3.0738,,LeVoyer_S2,,,,,0,,,,,0,,,,,0,0.0
D25A,D25A,-3.9945,-104.288,3281.99,Pacific,0.179763,9.45,210.196,4.04,1.545,2.61489,,LeVoyer_S2,,,,,0,,,,,0,,,,,0,0.0
D26A,D26A,-3.993,-104.432,3617.82,Pacific,0.351366,14.56,208.434,10.61,3.28,3.23476,,LeVoyer_S2,,,,,0,,,,,0,,,,,0,0.0
D22A,D22A,-3.993,-103.901,2757.94,Pacific,0.319447,11.44,241.323,20.39,3.579,5.69712,0.702693,LeVoyer_S2,,,,,0,,,,,0,,,,,0,0.0
D23A,D23A,-3.9765,-104.135,3654.47,Pacific,0.282059,13.55,190.225,7.37,2.56,2.87891,,LeVoyer_S2,,,,,0,,,,,0,,,,,0,0.0
D21B,D21B,-3.867,-103.847,3304.77,Pacific,0.352528,10.42,279.237,22.59,3.318,6.80832,,LeVoyer_S2,,,,,0,,,,,0,,,,,0,0.0
D21A,D21A,-3.867,-103.847,3304.77,Pacific,0.3103,10.3,208.162,22.57,3.393,6.65193,0.702829,LeVoyer_S2,,,,,0,,,,,0,,,,,0,0.0
SON0012232A1,SON0012-232-A1,-3.7742,-102.737,3721.0,Pacific,,,338.319,,,,,LeVoyer_S2,,,,,0,,,,,0,,,,,0,0.0
SON0012232A2,SON0012-232-A2,-3.7742,-102.737,3721.0,Pacific,,,301.262,,,,,LeVoyer_S2,,,,,0,,,,,0,,,,,0,0.0
D20B,D20B,-3.7695,-103.82,3344.4,Pacific,0.279231,9.65,260.437,13.18,2.444,5.3928,,LeVoyer_S2,,,,,0,,,,,0,,,,,0,0.0
D20D,D20D,-3.7695,-103.82,3344.4,Pacific,0.259135,9.95,287.755,13.82,2.544,5.43239,,LeVoyer_S2,,,,,0,,,,,0,,,,,0,0.0
D3A,D3A,-3.7695,-102.685,3102.68,Pacific,0.396166,15.16,264.992,11.26,3.302,3.41005,,LeVoyer_S2,,,,,0,,,,,0,,,,,0,0.0
D4A,D4A,-3.7605,-102.748,3478.14,Pacific,0.350167,17.92,289.359,13.03,4.166,3.1277,,LeVoyer_S2,,,,,0,,,,,0,,,,,0,0.0
D19A,D19A,-3.759,-103.847,3151.22,Pacific,0.600804,15.79,261.323,45.6,7.262,6.27926,0.702781,LeVoyer_S2,,,,,0,,,,,0,,,,,0,0.0
D5A,D5A,-3.759,-102.847,4252.82,Pacific,0.654686,16.14,195.406,12.32,3.678,3.34965,,LeVoyer_S2,,,,,0,,,,,0,,,,,0,0.0
D14A,D14A,-3.747,-103.513,4309.28,Pacific,0.180718,7.31,405.629,3.98,1.047,3.80134,0.702397,LeVoyer_S2,,,,,0,,,,,0,,,,,0,0.0
D14UN,D14un,-3.747,-103.513,4309.28,Pacific,0.151043,7.09,380.497,3.88,1.023,3.79277,,LeVoyer_S2,,,,,0,,,,,0,,,,,0,0.0
D7AA,D7A-A,-3.7425,-102.937,4251.82,Pacific,0.069837,2.88,250.421,0.79,0.276,2.86232,,LeVoyer_S2,,,,,0,,,,,0,,,,,0,0.0
D7AC,D7A-C,-3.7425,-102.937,4251.82,Pacific,0.081571,3.58,336.394,1.26,0.461,2.73319,,LeVoyer_S2,,,,,0,,,,,0,,,,,0,0.0
D7AB,D7A-B,-3.7425,-102.937,4251.82,Pacific,0.585325,17.4,213.037,49.53,8.062,6.14364,,LeVoyer_S2,,,,,0,,,,,0,,,,,0,0.0
D8B,D8B,-3.735,-102.964,3839.72,Pacific,0.564681,17.55,227.852,50.51,8.315,6.07456,0.702957,LeVoyer_S2,,,,,0,,,,,0,,,,,0,0.0
D16A,D16A,-3.7335,-103.667,3967.51,Pacific,0.309959,15.75,242.49,29.5,4.819,6.1216,0.702727,LeVoyer_S2,,,,,0,,,,,0,,,,,0,0.0
D15AA,D15A-A,-3.726,-103.586,4197.34,Pacific,0.13015,6.48,253.533,1.17,0.67,1.74627,,LeVoyer_S2,,,,,0,,,,,0,,,,,0,0.0
D15ABC,D15A-BC,-3.726,-103.586,4197.34,Pacific,0.133932,7.42,196.799,2.43,0.75,3.24,,LeVoyer_S2,,,,,0,,,,,0,,,,,0,0.0
D15AD,D15A-D,-3.726,-103.586,4197.34,Pacific,0.564871,22.28,321.756,80.49,13.624,5.90796,,LeVoyer_S2,,,,,0,,,,,0,,,,,0,0.0
D10B,D10B,-3.7245,-103.216,4584.68,Pacific,0.129418,6.35,200.849,2.36,0.789,2.99113,0.702346,LeVoyer_S2,,,,,0,,,,,0,,,,,0,0.0
D10A,D10A,-3.7245,-103.216,4615.39,Pacific,0.129127,6.39,180.501,2.34,0.799,2.92866,,LeVoyer_S2,,,,,0,,,,,0,,,,,0,0.0
D9A,D9A,-3.7245,-103.045,4584.68,Pacific,0.097649,5.12,202.077,2.05,0.641,3.19813,0.702307,LeVoyer_S2,,,,,0,,,,,0,,,,,0,0.0
D13A,D13A,-3.72,-103.405,4079.45,Pacific,0.148841,7.57,203.808,1.32,0.822,1.60584,,LeVoyer_S2,,,,,0,,,,,0,,,,,0,0.0
D12B,D12B,-3.7155,-103.315,4638.17,Pacific,0.111494,6.24,383.739,3.51,0.974,3.6037,0.702418,LeVoyer_S2,,,,,0,,,,,0,,,,,0,0.0
D12A,D12A,-3.7155,-103.315,4638.17,Pacific,0.376678,12.16,196.62,16.32,2.984,5.46917,0.702737,LeVoyer_S2,,,,,0,,,,,0,,,,,0,0.0
D12UN,D12un,-3.7155,-103.315,4638.17,Pacific,0.657728,17.14,190.721,46.88,7.712,6.07884,,LeVoyer_S2,,,,,0,,,,,0,,,,,0,0.0
D11UN,D11un,-3.714,-103.252,4785.78,Pacific,0.284017,9.66,308.714,17.47,3.053,5.72224,,LeVoyer_S2,,,,,0,,,,,0,,,,,0,0.0
D11A,D11A,-3.714,-103.252,4785.78,Pacific,0.359876,11.62,178.676,23.62,4.461,5.29478,0.702728,LeVoyer_S2,,,,,0,,,,,0,,,,,0,0.0
D17A,D17A,-3.7065,-103.802,3174.01,Pacific,0.299231,11.59,309.704,15.03,2.992,5.0234,,LeVoyer_S2,,,,,0,,,,,0,,,,,0,0.0
D18AEAB,D18A-EAB,-3.678,-103.784,3659.42,Pacific,0.310594,13.34,258.18,11.09,2.881,3.84936,,LeVoyer_S2,,,,,0,,,,,0,,,,,0,0.0
D18ACD,D18A-CD,-3.678,-103.784,3659.42,Pacific,0.333557,13.06,294.013,19.53,3.828,5.10188,,LeVoyer_S2,,,,,0,,,,,0,,,,,0,0.0
D2A,D2A,-3.636,-102.631,2920.41,Pacific,0.18802,8.35,255.404,5.79,1.684,3.43824,,LeVoyer_S2,,,,,0,,,,,0,,,,,0,0.0
D1A,D1A,-3.546,-102.613,2965.97,Pacific,0.282873,11.2,232.829,7.4,2.189,3.38054,0.702536,LeVoyer_S2,,,,,0,,,,,0,,,,,0,0.0
ALV0994005B,ALV0994-005B,0.68,-85.47,2587.0,Pacific,,,463.579,10.9,2.81,3.879,0.70265,LeVoyer_S2,20,100,80,105.9,4,60,100,40,98.1,2,80,100,20,65.9,1,106.4
SON0158019,SON0158-019,0.75,-88.33,1970.0,Pacific,,,172.924,,,,,LeVoyer_S2,,,,,0,,,,,0,,,,,0,0.3
ALV1649003,ALV1649-003,0.75,-85.843,2608.0,Pacific,,,242.472,,,,0.702704,LeVoyer_S2,20,100,80,81.4,4,60,100,40,73.3,2,,,,,0,81.5
ALV1650002,ALV1650-002,0.753,-85.847,2540.0,Pacific,,,164.661,,,,,LeVoyer_S2,20,100,80,81.4,4,60,100,40,73.3,2,,,,,0,81.5
MELCCTW009001,MELCCTW-009-001,0.778,-89.228,1777.0,Pacific,,,507.418,26.1,5.4475,4.79119,0.702808,LeVoyer_S2,,,,,0,,,,,0,,,,,0,0.0
VG2112,VG2112,0.82,-86.13,2500.0,Pacific,0.414705,15.0047,253.602,17.3879,4.97678,3.4938,,LeVoyer_S2,20,100,80,44.3,4,60,100,40,39.5,2,,,,,0,44.3
VG2114,VG2114,0.82,-86.13,2500.0,Pacific,0.437003,17.2318,244.725,21.4912,5.87799,3.65621,,LeVoyer_S2,20,100,80,44.3,4,60,100,40,39.5,2,,,,,0,44.3
VG4750,VG4750,1.38,-93.72,2650.0,Pacific,0.785083,44.7945,195.536,209.118,31.7513,6.58612,,LeVoyer_S2,,,,,0,,,,,0,,,,,0,0.0
VG4521,VG4521,1.64,-94.95,2880.0,Pacific,0.158869,5.0778,319.385,6.96625,1.21345,5.74085,,LeVoyer_S2,,,,,0,,,,,0,,,,,0,0.0
EWI0004006003,EWI0004-006-003,1.903,-91.183,1778.0,Pacific,,,213.675,,4.6,,,LeVoyer_S2,,,,,0,,,,,0,,,,,0,0.0
EWI0004007004,EWI0004-007-004,1.922,-91.275,1635.0,Pacific,0.4,18.9,259.686,66.2,10.4,6.36538,0.70287,LeVoyer_S2,,,,,0,,,,,0,,,,,0,0.0
EWI00040090011,EWI0004-009-001-1,1.934,-91.322,1583.0,Pacific,0.341,,211.64,,,,,LeVoyer_S2,,,,,0,,,,,0,,,,,0,0.0
EWI0004012005,EWI0004-012-005,1.986,-91.486,1672.0,Pacific,0.793,39.8,194.286,150.0,,,0.70294,LeVoyer_S2,,,,,0,,,,,0,,,,,0,0.0
EWI0004015001,EWI0004-015-001,2.047,-91.607,1835.0,Pacific,0.304,14.9,195.135,52.5,8.1,6.48148,0.70298,LeVoyer_S2,,,,,0,,,,,0,,,,,0,0.0
EWI0004016002,EWI0004-016-002,2.061,-91.746,1872.0,Pacific,0.574,24.8,199.246,91.8,13.0,7.06154,0.70292,LeVoyer_S2,,,,,0,,,,,0,,,,,0,0.0
EWI0004017004,EWI0004-017-004,2.071,-91.803,1762.0,Pacific,0.612,27.4,204.027,106.0,14.6,7.26027,0.70296,LeVoyer_S2,,,,,0,,,,,0,,,,,0,0.0
SON0012215A,SON0012-215-A,2.0885,-100.568,2700.0,Pacific,,,208.054,,,,,LeVoyer_S2,,,,,0,,,,,0,,,,,0,0.0
EWI0004079001,EWI0004-079-001,2.098,-96.723,3136.0,Pacific,0.16,5.99,218.845,6.87,1.9,3.61579,,LeVoyer_S2,,,,,0,,,,,0,,,,,0,0.0
EWI0004019001,EWI0004-019-001,2.111,-91.957,1640.0,Pacific,0.819,34.8,231.452,128.0,21.3,6.00939,0.703,LeVoyer_S2,,,,,0,,,,,0,,,,,0,0.0
EWI0004020001,EWI0004-020-001,2.117,-92.012,1708.0,Pacific,0.441,20.2,235.345,75.1,11.8,6.36441,0.70302,LeVoyer_S2,,,,,0,,,,,0,,,,,0,0.0
EWI0004020001B,EWI0004-020-001B,2.117,-92.012,1708.0,Pacific,,,223.358,,,,,LeVoyer_S2,,,,,0,,,,,0,,,,,0,0.0
EWI0004084004,EWI0004-084-004,2.137,-96.875,3042.0,Pacific,0.154,,267.112,,,,0.70268,LeVoyer_S2,,,,,0,,,,,0,,,,,0,0.0
EWI0004088001,EWI0004-088-001,2.142,-97.192,3229.0,Pacific,0.13,,181.667,,2.0,,0.70265,LeVoyer_S2,,,,,0,,,,,0,,,,,0,0.0
EWI0004025001,EWI0004-025-001,2.145,-92.322,1818.0,Pacific,0.383,18.0,218.317,79.3,11.1,7.14414,0.70301,LeVoyer_S2,,,,,0,,,,,0,,,,,0,0.0
VG1472,VG1472,2.2,-101.42,,Pacific,0.286509,12.8477,190.082,14.9932,3.19532,4.69223,,LeVoyer_S2,,,,,0,,,,,0,,,,,0,0.0
VG1473,VG1473,2.2,-101.42,,Pacific,0.195912,10.5709,195.344,10.6462,2.34154,4.54666,,LeVoyer_S2,,,,,0,,,,,0,,,,,0,0.0
VG1476,VG1476,2.2,-101.42,,Pacific,0.275357,14.096,208.181,18.7437,3.54568,5.28636,,LeVoyer_S2,,,,,0,,,,,0,,,,,0,0.0
VG1477,VG1477,2.2,-101.42,,Pacific,0.243855,13.063,202.366,13.0223,2.84703,4.57399,,LeVoyer_S2,,,,,0,,,,,0,,,,,0,0.0
EWI0004029001,EWI0004-029-001,2.204,-92.618,1920.0,Pacific,0.301,13.6,212.778,46.7,6.8,6.86765,0.70294,LeVoyer_S2,,,,,0,,,,,0,,,,,0,0.0
EWI0004031,EWI0004-031,2.244,-92.822,2098.0,Pacific,,,215.789,,,,,LeVoyer_S2,,,,,0,,,,,0,,,,,0,0.0
CHRSR01005102,CHRSR01-005-102,2.28,-102.78,3350.0,Pacific,0.26,,225.174,,,,0.702389,LeVoyer_S2,,,,,0,,,,,0,,,,,0,0.0
EWI0004077001,EWI0004-077-001,2.281,-96.191,2851.0,Pacific,0.157,,265.06,,,,,LeVoyer_S2,,,,,0,,,,,0,,,,,0,0.0
EWI0004033001,EWI0004-033-001,2.281,-92.973,2176.0,Pacific,0.269,12.2,221.324,40.5,6.6,6.13636,0.703,LeVoyer_S2,,,,,0,,,,,0,,,,,0,0.0
EWI0004075001,EWI0004-075-001,2.295,-95.6,2957.0,Pacific,0.221,9.38,182.691,16.7,,,0.70271,LeVoyer_S2,,,,,0,,,,,0,,,,,0,0.0
EWI0004041001,EWI0004-041-001,2.313,-93.093,2165.0,Pacific,0.219,11.2,220.492,33.6,5.5,6.10909,,LeVoyer_S2,,,,,0,,,,,0,,,,,0,0.0
VG4560,VG4560,2.33,-95.3,2375.0,Pacific,0.189115,7.83574,238.143,12.5176,2.09177,5.98419,,LeVoyer_S2,,,,,0,,,,,0,,,,,0,0.0
VG4563,VG4563,2.33,-95.3,2375.0,Pacific,0.183948,7.5758,203.106,13.0248,2.15658,6.03954,,LeVoyer_S2,,,,,0,,,,,0,,,,,0,0.0
EWI0004038002,EWI0004-038-002,2.354,-93.268,2293.0,Pacific,0.296,13.5,211.991,40.5,6.0,6.75,0.70301,LeVoyer_S2,,,,,0,,,,,0,,,,,0,0.0
EWI0004043001,EWI0004-043-001,2.412,-93.256,2243.0,Pacific,0.101,5.3,219.259,13.5,2.0,6.75,0.70287,LeVoyer_S2,,,,,0,,,,,0,,,,,0,0.0
SON0022010,SON0022-010,2.4158,-95.514,2920.0,Pacific,,,236.493,,,,,LeVoyer_S2,,,,,0,,,,,0,,,,,0,0.0
EWI0004071001,EWI0004-071-001,2.422,-95.602,2768.0,Pacific,0.153,6.14,241.349,8.36,1.8,4.64444,0.70262,LeVoyer_S2,,,,,0,,,,,0,,,,,0,0.0
VG4973,VG4973,2.43,-95.55,2750.0,Pacific,0.13,4.57962,273.041,5.93083,1.13559,5.22268,,LeVoyer_S2,,,,,0,,,,,0,,,,,0,0.0
VG4975,VG4975,2.43,-95.55,2750.0,Pacific,0.13,4.63925,317.908,6.00173,1.13103,5.30643,,LeVoyer_S2,,,,,0,,,,,0,,,,,0,0.0
VG4945,VG4945,2.43,-95.55,2750.0,Pacific,0.137661,5.06544,307.647,5.81423,1.09994,5.28594,,LeVoyer_S2,,,,,0,,,,,0,,,,,0,0.0
VG4974,VG4974,2.43,-95.55,2750.0,Pacific,0.14,4.55068,282.236,5.98018,1.11586,5.35926,,LeVoyer_S2,,,,,0,,,,,0,,,,,0,0.0
VG4971,VG4971,2.43,-95.55,2750.0,Pacific,0.13,4.64393,263.823,6.16119,1.15168,5.34975,,LeVoyer_S2,,,,,0,,,,,0,,,,,0,0.0
VG4970,VG4970,2.43,-95.55,2750.0,Pacific,0.13,4.60608,249.186,6.08306,1.11044,5.47805,,LeVoyer_S2,,,,,0,,,,,0,,,,,0,0.0
VG1307,VG1307,2.44,-95.62,2469.0,Pacific,0.144135,5.74249,212.019,7.49276,1.19846,6.252,,LeVoyer_S2,,,,,0,,,,,0,,,,,0,0.0
VG1308,VG1308,2.44,-95.62,2469.0,Pacific,0.150976,7.12086,276.185,12.1799,2.14765,5.67129,0.702683,LeVoyer_S2,,,,,0,,,,,0,,,,,0,0.0
EWI0004045002,EWI0004-045-002,2.443,-93.352,2341.0,Pacific,0.2,8.95,175.263,25.6,4.2,6.09524,0.70287,LeVoyer_S2,,,,,0,,,,,0,,,,,0,0.0
VG1311,VG1311,2.45,-95.62,2750.0,Pacific,0.144981,5.81877,212.019,7.26433,1.21432,5.98222,,LeVoyer_S2,,,,,0,,,,,0,,,,,0,0.0
SON0026082K63G,SON0026-082-K63G,2.482,-93.658,2346.0,Pacific,0.29,,190.566,31.0,5.0,6.2,,LeVoyer_S2,,,,,0,,,,,0,,,,,0,0.0
EWI0004048004,EWI0004-048-004,2.488,-93.655,2305.0,Pacific,0.299,14.2,223.464,45.9,7.4,6.2027,0.70294,LeVoyer_S2,,,,,0,,,,,0,,,,,0,0.0
EWI0004050001,EWI0004-050-001,2.502,-93.777,2302.0,Pacific,0.216,10.8,210.563,39.0,6.2,6.29032,0.70296,LeVoyer_S2,,,,,0,,,,,0,,,,,0,0.0
EWI0004058002,EWI0004-058-002,2.527,-94.348,2457.0,Pacific,0.252,11.7,215.385,30.9,5.2,5.94231,0.70293,LeVoyer_S2,,,,,0,,,,,0,,,,,0,0.0
EWI0004056002,EWI0004-056-002,2.553,-94.238,2478.0,Pacific,0.227,10.1,200.0,28.8,4.4,6.54545,,LeVoyer_S2,,,,,0,,,,,0,,,,,0,0.0
TRI0164016003,TRI0164-016-003,2.56,-94.45,2380.0,Pacific,,,215.385,,,,,LeVoyer_S2,,,,,0,,,,,0,,,,,0,0.0
SON0026076K60G,SON0026-076-K60G,2.568,-94.577,2731.0,Pacific,0.22,8.0,224.752,17.0,3.0,5.66667,,LeVoyer_S2,,,,,0,,,,,0,,,,,0,0.0
SON0022031,SON0022-031,2.589,-95.05,2780.0,Pacific,,,275.0,,,,,LeVoyer_S2,,,,,0,,,,,0,,,,,0,0.0
EWI0004063002,EWI0004-063-002,2.592,-94.745,2655.0,Pacific,0.211,9.27,239.688,22.6,3.8,5.94737,,LeVoyer_S2,,,,,0,,,,,0,,,,,0,0.0
VG4550,VG4550,2.6,-95.43,3220.0,Pacific,0.343866,15.2989,297.188,35.6347,6.9694,5.11303,,LeVoyer_S2,,,,,0,,,,,0,,,,,0,0.0
VG1718,VG1718,2.6,-95.33,3136.0,Pacific,0.241363,12.3657,229.397,29.6858,5.44923,5.4477,0.702868,LeVoyer_S2,,,,,0,,,,,0,,,,,0,0.0
VG4524,VG4524,2.6,-95.28,2875.0,Pacific,0.324852,14.1797,228.69,32.6762,5.94368,5.49764,,LeVoyer_S2,,,,,0,,,,,0,,,,,0,0.0
VG4529,VG4529,2.6,-95.28,2875.0,Pacific,0.309991,13.3395,312.87,31.2355,5.62282,5.55513,,LeVoyer_S2,,,,,0,,,,,0,,,,,0,0.0
KAK1979018021,KAK1979-018-021,2.6042,-95.4337,3220.0,Pacific,0.49,,227.616,,,,,LeVoyer_S2,,,,,0,,,,,0,,,,,0,0.0
SON0012143A,SON0012-143-A,2.6175,-95.2763,3125.0,Pacific,,,226.913,,,,,LeVoyer_S2,,,,,0,,,,,0,,,,,0,0.0
ALV1549005,ALV1549-005,2.63,-95.38,3255.0,Pacific,,,228.448,,,,0.70289,LeVoyer_S2,,,,,0,,,,,0,,,,,0,0.0
ALV1557001,ALV1557-001,2.633,-95.475,3241.0,Pacific,,,212.295,,,,0.70288,LeVoyer_S2,,,,,0,,,,,0,,,,,0,0.0
KAK1979011078,KAK1979-011-078,2.639,-95.4972,2440.0,Pacific,,,219.847,,,,,LeVoyer_S2,,,,,0,,,,,0,,,,,0,0.0
VG4629,VG4629,2.64,-95.5,2440.0,Pacific,0.120041,5.6748,205.725,11.7278,1.83843,6.37925,,LeVoyer_S2,,,,,0,,,,,0,,,,,0,0.0
VG4700,VG4700,2.64,-95.5,2440.0,Pacific,0.116605,5.70963,229.448,12.1724,1.89994,6.40672,,LeVoyer_S2,,,,,0,,,,,0,,,,,0,0.0
VG4709,VG4709,2.64,-95.5,2440.0,Pacific,0.112192,5.51995,195.187,12.1882,1.89381,6.43581,,LeVoyer_S2,,,,,0,,,,,0,,,,,0,0.0
VG4781,VG4781,2.65,-95.49,2370.0,Pacific,0.151962,5.44874,246.358,7.23251,1.29224,5.59689,,LeVoyer_S2,,,,,0,,,,,0,,,,,0,0.0
VG4782,VG4782,2.65,-95.49,2370.0,Pacific,0.0998256,4.81476,208.485,5.31621,0.997869,5.32757,,LeVoyer_S2,,,,,0,,,,,0,,,,,0,0.0
VG4787,VG4787,2.65,-95.49,2370.0,Pacific,0.1,4.90132,203.123,5.8856,1.09158,5.39183,,LeVoyer_S2,,,,,0,,,,,0,,,,,0,0.0
VG4795,VG4795,2.66,-95.49,2370.0,Pacific,0.154,5.81,380.096,5.97,1.29,4.62791,,LeVoyer_S2,,,,,0,,,,,0,,,,,0,0.0
VG4520,VG4520,2.74,-95.24,2780.0,Pacific,0.332761,14.0241,209.202,35.0072,6.26285,5.58966,,LeVoyer_S2,,,,,0,,,,,0,,,,,0,0.0
VG4517,VG4517,2.75,-95.24,2780.0,Pacific,0.342156,14.09,207.332,34.92,6.54,5.33945,,LeVoyer_S2,,,,,0,,,,,0,,,,,0,0.0
VG4628,VG4628,3.16,-87.22,2640.0,Pacific,0.74198,14.6227,175.856,30.2643,4.02705,7.51525,,LeVoyer_S2,20,100,80,418.1,4,20,100,80,418.1,4,40,80,40,346.9,2,418.2
VG4624,VG4624,3.16,-87.22,2640.0,Pacific,0.372702,21.553,170.068,33.4549,10.1829,3.2854,,LeVoyer_S2,20,100,80,418.1,4,20,100,80,418.1,4,40,80,40,346.9,2,418.2
VG4626,VG4626,3.16,-87.22,2640.0,Pacific,0.379088,21.5567,194.888,33.1663,10.1262,3.2753,,LeVoyer_S2,20,100,80,418.1,4,20,100,80,418.1,4,40,80,40,346.9,2,418.2
VG4621,VG4621,3.16,-87.22,2640.0,Pacific,0.365977,21.5194,378.835,33.6251,10.0835,3.33468,,LeVoyer_S2,20,100,80,418.1,4,20,100,80,418.1,4,40,80,40,346.9,2,418.2
VG4622,VG4622,3.16,-87.22,2640.0,Pacific,0.51739,26.548,368.499,44.8084,12.3341,3.63288,,LeVoyer_S2,20,100,80,418.1,4,20,100,80,418.1,4,40,80,40,346.9,2,418.2
VG4623,VG4623,3.16,-87.22,2640.0,Pacific,0.33848,9.18537,360.131,7.3769,1.30694,5.6444,,LeVoyer_S2,20,100,80,418.1,4,20,100,80,418.1,4,40,80,40,346.9,2,418.2
VG4625,VG4625,3.16,-87.22,2640.0,Pacific,0.339447,9.07056,276.384,7.32742,1.28909,5.68416,,LeVoyer_S2,20,100,80,418.1,4,20,100,80,418.1,4,40,80,40,346.9,2,418.2
VG4627,VG4627,3.16,-87.22,2640.0,Pacific,0.211051,5.86039,224.57,4.81386,0.817972,5.88512,,LeVoyer_S2,20,100,80,418.1,4,20,100,80,418.1,4,40,80,40,346.9,2,418.2
VG885,VG885,3.2,-83.34,2468.0,Pacific,0.433485,19.8478,264.62,25.7654,7.04872,3.65534,,LeVoyer_S2,0,100,100,4731.3,5,0,100,100,4731.3,5,0,100,100,4731.3,5,4731.3
VG887,VG887,3.2,-83.34,2468.0,Pacific,0.462767,17.5408,240.894,24.6124,6.44005,3.82177,,LeVoyer_S2,0,100,100,4731.3,5,0,100,100,4731.3,5,0,100,100,4731.3,5,4731.3
VG889,VG889,3.2,-83.34,2468.0,Pacific,0.508503,19.2163,247.636,25.0849,6.66115,3.76585,,LeVoyer_S2,0,100,100,4731.3,5,0,100,100,4731.3,5,0,100,100,4731.3,5,4731.3
VG890,VG890,3.2,-83.34,2468.0,Pacific,0.428069,17.77,278.168,25.178,6.48152,3.88458,,LeVoyer_S2,0,100,100,4731.3,5,0,100,100,4731.3,5,0,100,100,4731.3,5,4731.3
VG891,VG891,3.2,-83.34,2468.0,Pacific,0.438248,17.6973,301.95,24.9209,6.44895,3.86434,,LeVoyer_S2,0,100,100,4731.3,5,0,100,100,4731.3,5,0,100,100,4731.3,5,4731.3
VG2110,VG2110,3.2,-83.04,2600.0,Pacific,0.131042,5.23014,218.405,1.58003,0.526576,3.00057,0.702501,LeVoyer_S2,0,100,100,5010.5,5,0,100,100,5010.5,5,0,100,100,5010.5,5,5010.5
VG2111,VG2111,3.2,-83.04,2600.0,Pacific,0.116778,5.38704,263.823,2.49746,0.661377,3.77616,0.702501,LeVoyer_S2,0,100,100,5010.5,5,0,100,100,5010.5,5,0,100,100,5010.5,5,5010.5
VG4510,VG4510,3.32,-94.84,3000.0,Pacific,0.202041,8.42182,251.093,16.7087,2.98077,5.60549,,LeVoyer_S2,,,,,0,,,,,0,,,,,0,0.0
VG4514,VG4514,3.32,-94.84,3000.0,Pacific,0.20318,8.73131,240.847,20.4218,3.50037,5.83417,,LeVoyer_S2,,,,,0,,,,,0,,,,,0,0.0
VG4755,VG4755,3.35,-93.64,2980.0,Pacific,0.921208,50.4244,239.902,274.675,41.125,6.67904,,LeVoyer_S2,,,,,0,,,,,0,,,,,0,0.0
VG4754,VG4754,3.35,-93.64,2980.0,Pacific,0.878384,49.2461,232.703,268.639,39.6058,6.78283,,LeVoyer_S2,,,,,0,,,,,0,,,,,0,0.0
VG4751,VG4751,3.52,-93.79,2760.0,Pacific,0.219338,10.7992,178.366,34.7028,5.52641,6.27945,,LeVoyer_S2,,,,,0,,,,,0,,,,,0,0.0
CH559,CH 55-9,6.225,-102.525,2710.0,Pacific,,13.6478,252.565,14.8828,4.28199,3.47568,0.702846,LeVoyer_S2,,,,,0,,,,,0,,,,,0,0.0
CH561,CH 56-1,6.442,-102.575,2720.0,Pacific,,13.3398,214.411,14.0235,4.0523,3.46063,0.702526,LeVoyer_S2,,,,,0,,,,,0,,,,,0,0.0
CHRSR01004,CHRSR01-004,6.733,-102.6,2900.0,Pacific,0.3,14.874,216.129,14.579,4.345,3.35535,0.70287,LeVoyer_S2,,,,,0,,,,,0,,,,,0,0.0
CH571,CH 57-1,6.802,-102.648,2740.0,Pacific,0.291632,14.3814,201.694,14.1134,4.20267,3.35821,0.70258,LeVoyer_S2,,,,,0,,,,,0,,,,,0,0.0
CH592,CH 59-2,7.995,-102.843,2827.5,Pacific,0.278322,13.5838,207.036,7.74069,2.83049,2.73476,0.702407,LeVoyer_S2,,,,,0,,,,,0,,,,,0,0.0
CH601,CH 60-1,8.204,-102.858,2744.0,Pacific,0.165907,9.17515,177.256,8.42556,1.64751,5.11411,0.702424,LeVoyer_S2,,,,,0,,,,,0,,,,,0,0.0
CH603,CH 60-3,8.204,-102.858,2744.0,Pacific,0.164188,9.26274,171.497,5.40374,1.66498,3.24554,0.702409,LeVoyer_S2,,,,,0,,,,,0,,,,,0,0.0
CH604,CH 60-4,8.204,-102.858,2744.0,Pacific,0.162388,9.32611,204.893,5.21443,1.68478,3.09502,0.702411,LeVoyer_S2,,,,,0,,,,,0,,,,,0,0.0
ALV2390005,ALV2390-005,8.293,-104.023,3003.0,Pacific,0.68,42.0,206.972,180.0,24.0,7.5,0.70294,LeVoyer_S2,,,,,0,,,,,0,,,,,0,0.0
AII1991020001,AII1991-020-001,8.3477,-103.649,3100.0,Pacific,0.08,3.60816,161.905,1.53734,0.475058,3.23612,,LeVoyer_S2,,,,,0,,,,,0,,,,,0,0.0
AII1991020005,AII1991-020-005,8.3477,-103.649,3100.0,Pacific,0.076,3.74903,206.286,1.601,0.475,3.37053,,LeVoyer_S2,,,,,0,,,,,0,,,,,0,0.0
AII1991020020,AII1991-020-020,8.3477,-103.649,3100.0,Pacific,,,176.895,,,,0.7025,LeVoyer_S2,,,,,0,,,,,0,,,,,0,0.0
CH613,CH 61-3,8.36,-102.893,2715.0,Pacific,0.173851,10.0287,202.719,5.18565,1.85175,2.8004,0.702401,LeVoyer_S2,,,,,0,,,,,0,,,,,0,0.0
VG4257,VG4257,8.37,-104.02,3383.0,Pacific,0.952572,50.1166,190.468,256.59,34.9723,7.33693,0.702575,LeVoyer_S2,,,,,0,,,,,0,,,,,0,0.0
VG4256,VG4256,8.37,-104.02,3383.0,Pacific,0.941808,52.0801,173.353,281.203,35.7528,7.86522,,LeVoyer_S2,,,,,0,,,,,0,,,,,0,0.0
VG4255,VG4255,8.37,-104.02,3383.0,Pacific,0.963011,50.5602,221.72,258.529,34.7982,7.42937,,LeVoyer_S2,,,,,0,,,,,0,,,,,0,0.0
ALV2752006,ALV2752-006,8.3702,-103.665,2516.0,Pacific,,,180.838,9.0,2.2,4.09091,0.702478,LeVoyer_S2,,,,,0,,,,,0,,,,,0,0.0
ALV2384003,ALV2384-003,8.3708,-102.996,2515.0,Pacific,0.063,3.5,190.071,1.38,0.48,2.875,0.702551,LeVoyer_S2,,,,,0,,,,,0,,,,,0,0.0
ALV2384002,ALV2384-002,8.3748,-103.659,3841.0,Pacific,0.073,3.74,180.0,,0.8,,,LeVoyer_S2,,,,,0,,,,,0,,,,,0,0.0
ALV2384001,ALV 2384-001,8.3758,-103.658,3884.0,Pacific,0.075,3.74569,195.187,1.09689,0.376531,2.91314,,LeVoyer_S2,,,,,0,,,,,0,,,,,0,0.0
ALV2384009,ALV2384-009,8.3772,-103.674,3623.0,Pacific,0.075,3.96,223.214,1.42,0.52,2.73077,,LeVoyer_S2,,,,,0,,,,,0,,,,,0,0.0
VG4253,VG4253,8.38,-103.68,3535.0,Pacific,0.113483,5.50125,188.597,2.18491,0.832818,2.62352,,LeVoyer_S2,,,,,0,,,,,0,,,,,0,0.0
VG4258,VG4258,8.38,-103.68,3535.0,Pacific,0.191749,9.9508,172.548,5.08939,1.65077,3.08304,,LeVoyer_S2,,,,,0,,,,,0,,,,,0,0.0
VG5211,VG5211,8.38,-103.68,3474.0,Pacific,0.0706549,4.09479,180.822,1.2577,0.4726,2.66123,,LeVoyer_S2,,,,,0,,,,,0,,,,,0,0.0
VG7330,VG7330,8.4,-103.94,3618.0,Pacific,0.0626671,3.97733,189.394,2.4004,0.816754,2.93895,,LeVoyer_S2,,,,,0,,,,,0,,,,,0,0.0
VG7331,VG7331,8.4,-103.94,3618.0,Pacific,0.0637923,4.29072,200.23,2.50432,0.834414,3.00129,,LeVoyer_S2,,,,,0,,,,,0,,,,,0,0.0
CH663,CH 66-3,8.41,-104.177,2570.0,Pacific,0.222013,12.5519,157.561,20.3924,4.05618,5.02749,0.702609,LeVoyer_S2,,,,,0,,,,,0,,,,,0,0.0
CH634,CH 63-4,8.446,-104.185,2535.0,Pacific,,18.8768,176.876,51.1667,8.71106,5.87377,0.702779,LeVoyer_S2,,,,,0,,,,,0,,,,,0,0.0
CH711,CH 71-1,8.513,-104.198,2573.5,Pacific,0.271979,11.7297,179.0,17.8979,3.97814,4.49907,0.702688,LeVoyer_S2,,,,,0,,,,,0,,,,,0,0.0
CH723,CH 72-3,8.613,-104.213,2585.0,Pacific,0.219114,12.4826,231.871,19.895,4.22146,4.71284,0.702623,LeVoyer_S2,,,,,0,,,,,0,,,,,0,0.0
CH732,CH 73-2,8.642,-104.203,2530.0,Pacific,1.21808,,148.675,,,,,LeVoyer_S2,,,,,0,,,,,0,,,,,0,0.0
CH741,CH 74-1,8.737,-104.218,2555.0,Pacific,0.268609,14.7971,177.596,20.4206,4.43425,4.6052,0.70261,LeVoyer_S2,,,,,0,,,,,0,,,,,0,0.0
CH751,CH 75-1,8.837,-104.228,2550.0,Pacific,0.759048,38.0535,181.528,141.866,23.2167,6.11054,0.702827,LeVoyer_S2,,,,,0,,,,,0,,,,,0,0.0
CH753,CH 75-3,8.837,-104.228,2550.0,Pacific,0.242133,13.4593,175.536,19.0861,4.33195,4.40589,0.702559,LeVoyer_S2,,,,,0,,,,,0,,,,,0,0.0
CH772,CH 77-2,8.925,-104.268,2575.0,Pacific,0.196068,10.6838,179.9,5.46674,1.86286,2.9346,0.702566,LeVoyer_S2,,,,,0,,,,,0,,,,,0,0.0
CH7611,CH 76-11,8.942,-104.251,2580.0,Pacific,0.214176,13.0886,183.519,20.0152,4.39125,4.55797,0.702649,LeVoyer_S2,,,,,0,,,,,0,,,,,0,0.0
CH766,CH 76-6,8.942,-104.251,2580.0,Pacific,0.272989,12.341,199.469,14.4789,3.5198,4.11357,0.702577,LeVoyer_S2,,,,,0,,,,,0,,,,,0,0.0
CH781,CH 78-1,8.977,-104.267,2625.0,Pacific,0.225979,12.511,163.636,15.0369,3.55834,4.22581,0.702537,LeVoyer_S2,,,,,0,,,,,0,,,,,0,0.0
CH786,CH 78-6,8.977,-104.267,2625.0,Pacific,0.231438,10.8039,221.205,5.56325,1.88704,2.94814,0.702546,LeVoyer_S2,,,,,0,,,,,0,,,,,0,0.0
VG3228,VG3228,9.03,-106.76,3426.0,Pacific,0.146986,7.79703,168.204,3.87292,1.15065,3.36587,,LeVoyer_S2,,,,,0,,,,,0,,,,,0,0.0
VG3225,VG3225,9.05,-105.44,3286.0,Pacific,0.189629,11.1964,193.219,15.4861,3.35344,4.61796,,LeVoyer_S2,,,,,0,,,,,0,,,,,0,0.0
VG3226,VG3226,9.05,-105.44,3286.0,Pacific,0.185634,11.0362,180.624,15.2589,3.2956,4.63008,,LeVoyer_S2,,,,,0,,,,,0,,,,,0,0.0
CH793,CH 79-3,9.05,-104.267,2625.0,Pacific,0.366515,18.9689,214.218,20.5112,5.44355,3.76798,0.702583,LeVoyer_S2,,,,,0,,,,,0,,,,,0,0.0
CH801,CH 80-1,9.105,-104.258,2673.0,Pacific,,19.229,169.367,22.083,5.88201,3.75434,0.702588,LeVoyer_S2,,,,,0,,,,,0,,,,,0,0.0
CH821,CH 82-1,9.115,-104.198,2548.0,Pacific,1.34311,,188.515,,,,,LeVoyer_S2,,,,,0,,,,,0,,,,,0,0.0
CH8311,CH 83-11,9.258,-104.221,2601.0,Pacific,0.228984,12.0447,189.672,10.6805,3.12748,3.41506,,LeVoyer_S2,,,,,0,,,,,0,,,,,0,0.0
ALV2365003,ALV2365-003,9.27986,-104.218,2584.0,Pacific,0.22,11.9,183.471,10.0,2.8,3.57143,0.70251,LeVoyer_S2,,,,,0,,,,,0,,,,,0,0.0
AII012524R027,AII0125-24-R027,9.50015,-104.242,2577.0,Pacific,,,190.112,11.0,2.8,3.92857,,LeVoyer_S2,,,,,0,,,,,0,,,,,0,0.0
AII012524R022,AII0125-24-R022,9.50815,-104.243,2576.0,Pacific,,,184.874,11.0,2.7,4.07407,,LeVoyer_S2,,,,,0,,,,,0,,,,,0,0.0
ODP01420864A001M005000100,ODP0142-0864A-001M-005/000-100,9.5142,-104.244,2572.4,Pacific,0.27,11.85,223.325,11.3,3.19,3.54232,0.702473,LeVoyer_S2,,,,,0,,,,,0,,,,,0,0.0
ALV2358003,ALV2358-003,9.51457,-104.244,2574.0,Pacific,0.21,11.65,216.346,10.0,2.8,3.57143,0.70247,LeVoyer_S2,,,,,0,,,,,0,,,,,0,0.0
ALV2358004,ALV2358-004,9.51458,-104.244,2578.0,Pacific,,,227.848,10.0,2.7,3.7037,0.70247,LeVoyer_S2,,,,,0,,,,,0,,,,,0,0.0
AII012524R038,AII0125-24-R038,9.51962,-104.233,2602.0,Pacific,,,180.258,,,,,LeVoyer_S2,,,,,0,,,,,0,,,,,0,0.0
ALV2490010,ALV2490-010,9.5289,-104.263,2669.0,Pacific,0.19,11.0,175.824,11.8,3.3,3.57576,,LeVoyer_S2,,,,,0,,,,,0,,,,,0,0.0
ALV2489002,ALV2489-002,9.5292,-104.227,2671.0,Pacific,0.39,23.0,208.531,35.0,7.44,4.7043,,LeVoyer_S2,,,,,0,,,,,0,,,,,0,0.0
AII012524R048D,AII0125-24-R048-D,9.53002,-104.224,2674.0,Pacific,,,172.727,,,,,LeVoyer_S2,,,,,0,,,,,0,,,,,0,0.0
AII012524R045,AII0125-24-R045,9.53012,-104.24,2571.0,Pacific,,,169.565,,,,,LeVoyer_S2,,,,,0,,,,,0,,,,,0,0.0
AII012524R046,AII0125-24-R046,9.53118,-104.234,2606.0,Pacific,,,172.727,,,,,LeVoyer_S2,,,,,0,,,,,0,,,,,0,0.0
AII012524R061,AII0125-24-R061,9.75352,-104.275,2537.0,Pacific,,,161.017,,,,,LeVoyer_S2,,,,,0,,,,,0,,,,,0,0.0
ALV4205003,ALV4205-003,9.771,-104.28,2526.0,Pacific,,,151.261,8.24,2.2,3.74545,,LeVoyer_S2,,,,,0,,,,,0,,,,,0,0.0
ALV2759014,ALV2759-014,9.82002,-104.31,2664.0,Pacific,,,137.725,9.0,2.5,3.6,0.702493,LeVoyer_S2,,,,,0,,,,,0,,,,,0,0.0
ALV2771001,ALV2771-001,9.83366,-104.311,,Pacific,,,194.085,9.0,3.2,2.8125,0.70246,LeVoyer_S2,,,,,0,,,,,0,,,,,0,0.0
ALV2497001B,ALV2497-001B,9.8877,-104.297,2555.0,Pacific,0.18,11.15,201.923,8.45,2.52,3.35317,0.702497,LeVoyer_S2,,,,,0,,,,,0,,,,,0,0.0
ALV2359004,ALV2359-004,9.8879,-104.298,2558.0,Pacific,,,161.435,9.0,2.3,3.91304,0.70249,LeVoyer_S2,,,,,0,,,,,0,,,,,0,0.0
CH991,CH 99-1,10.163,-104.347,2565.0,Pacific,0.160348,8.82215,185.146,8.37104,2.21738,3.77519,0.70244,LeVoyer_S2,,,,,0,,,,,0,,,,,0,0.0
CH1003,CH 100-3,10.167,-104.342,2580.0,Pacific,0.199592,10.8966,185.219,9.51552,2.70262,3.52085,0.702467,LeVoyer_S2,,,,,0,,,,,0,,,,,0,0.0
CH1013,CH 101-3,10.21,-104.347,2669.0,Pacific,0.219905,,181.756,,,,,LeVoyer_S2,,,,,0,,,,,0,,,,,0,0.0
CH513,CH 51-3,10.287,-103.587,2788.0,Pacific,0.454494,19.5441,183.168,20.5318,5.65003,3.63393,0.702541,LeVoyer_S2,,,,,0,,,,,0,,,,,0,0.0
MELPROT9048018,MELPROT-9-048-018,10.35,-103.583,2830.0,Pacific,0.137,,232.548,,2.0,,,LeVoyer_S2,,,,,0,,,,,0,,,,,0,0.0
CH452,CH 45-2,10.486,-103.613,2802.0,Pacific,0.367168,16.2786,248.532,20.1383,4.78798,4.206,0.702563,LeVoyer_S2,,,,,0,,,,,0,,,,,0,0.0
MELPROT9051002,MELPROT-9-051-002,10.6,-103.628,2663.0,Pacific,0.405,,266.298,,6.0,,,LeVoyer_S2,,,,,0,,,,,0,,,,,0,0.0
MELPROT9053,MELPROT-9-053,10.648,-103.642,2682.0,Pacific,,,225.553,,,,,LeVoyer_S2,,,,,0,,,,,0,,,,,0,0.0
CH421,CH 42-1,10.748,-103.652,2603.0,Pacific,0.381285,18.8191,217.179,20.5847,5.31099,3.87586,0.702515,LeVoyer_S2,,,,,0,,,,,0,,,,,0,0.0
SON0026148K114G,SON0026-148-K114G,10.75,-110.325,2678.0,Pacific,0.59,30.0,202.606,30.0,8.0,3.75,,LeVoyer_S2,,,,,0,,,,,0,,,,,0,0.0
SON0026148K115G,SON0026-148-K115G,10.75,-110.325,2678.0,Pacific,0.57,30.0,219.02,30.0,7.0,4.28571,,LeVoyer_S2,,,,,0,,,,,0,,,,,0,0.0
CH411,CH 41-1,10.908,-103.678,2548.0,Pacific,0.294467,9.96968,196.667,12.4943,3.08344,4.05206,0.702796,LeVoyer_S2,,,,,0,,,,,0,,,,,0,0.0
CH418,CH 41-8,10.908,-103.678,2548.0,Pacific,0.341921,11.814,190.0,14.4423,3.60957,4.00113,0.70256,LeVoyer_S2,,,,,0,,,,,0,,,,,0,0.0
MELPROT9057004,MELPROT-9-057-004,10.927,-103.687,2514.0,Pacific,0.215,,289.42,,5.0,,,LeVoyer_S2,,,,,0,,,,,0,,,,,0,0.0
MELPROT9209002,MELPROT-9-209-002,10.977,-103.7,2530.0,Pacific,0.27,,295.363,,4.0,,,LeVoyer_S2,,,,,0,,,,,0,,,,,0,0.0
ALV1990005,ALV1990-005,11.13,-103.74,2606.0,Pacific,,,341.333,,,,,LeVoyer_S2,,,,,0,,,,,0,,,,,0,0.0
ALV1992002,ALV1992-002,11.46,-103.81,2537.0,Pacific,,,245.848,,,,,LeVoyer_S2,,,,,0,,,,,0,,,,,0,0.0
ALV1995010,ALV1995-010,11.5,-103.81,2531.0,Pacific,,,192.251,,,,,LeVoyer_S2,,,,,0,,,,,0,,,,,0,0.0
MELPROT9067001,MELPROT-9-067-001,11.582,-103.832,2524.0,Pacific,0.223,,193.605,,4.0,,,LeVoyer_S2,,,,,0,,,,,0,,,,,0,0.0
CH361,CH 36-1,11.654,-103.84,2540.0,Pacific,,28.317,219.051,140.876,16.1052,8.74726,0.702788,LeVoyer_S2,,,,,0,,,,,0,,,,,0,0.0
CH364,CH 36-4,11.654,-103.84,2540.0,Pacific,0.337136,15.3908,407.954,21.2942,5.27381,4.03772,0.702588,LeVoyer_S2,,,,,0,,,,,0,,,,,0,0.0
ALV2002009,ALV2002-009,11.71,-103.79,2747.0,Pacific,,,248.098,,,,,LeVoyer_S2,,,,,0,,,,,0,,,,,0,0.0
ALV1998009,ALV1998-009,11.73,-103.86,2566.0,Pacific,,,201.33,,,,,LeVoyer_S2,,,,,0,,,,,0,,,,,0,0.0
ALV2004002,ALV2004-002,11.77,-103.79,2729.0,Pacific,,,285.027,,,,,LeVoyer_S2,,,,,0,,,,,0,,,,,0,0.0
CH314,CH 31-4,12.0,-103.808,2695.0,Pacific,0.316344,16.417,205.56,15.2059,4.73595,3.21074,0.702473,LeVoyer_S2,,,,,0,,,,,0,,,,,0,0.0
CH1152,CH 115-2,12.058,-103.821,2690.0,Pacific,0.255088,12.7714,180.228,8.69813,3.01262,2.88723,0.702516,LeVoyer_S2,,,,,0,,,,,0,,,,,0,0.0
WASVNTR024A,WASVNTR-024-A,12.0783,-103.721,3060.0,Pacific,0.24,13.1,192.693,7.04,2.54,2.77165,,LeVoyer_S2,,,,,0,,,,,0,,,,,0,0.0
WASVNTR006,WASVNTR-006,12.08,-103.848,2750.0,Pacific,0.24,13.4,199.734,9.65,3.19,3.02508,,LeVoyer_S2,,,,,0,,,,,0,,,,,0,0.0
CH301,CH 30-1,12.096,-103.825,2685.0,Pacific,0.259989,10.0563,183.206,6.77165,2.30045,2.94362,0.702483,LeVoyer_S2,,,,,0,,,,,0,,,,,0,0.0
WASVNTR029C,WASVNTR-029-C,12.1045,-103.769,2890.0,Pacific,0.075,4.4837,258.533,3.00883,0.769571,3.90975,,LeVoyer_S2,,,,,0,,,,,0,,,,,0,0.0
WASVNTR029B,WASVNTR-029-B,12.1045,-103.769,2890.0,Pacific,0.34,12.4,179.104,14.1,3.06,4.60784,,LeVoyer_S2,,,,,0,,,,,0,,,,,0,0.0
WASVNTR026,WASVNTR-026,12.1242,-103.76,2900.0,Pacific,0.25,12.6,274.194,8.48,2.86,2.96503,,LeVoyer_S2,,,,,0,,,,,0,,,,,0,0.0
CH292,CH 29-2,12.175,-103.825,2665.0,Pacific,0.407531,18.8648,198.413,23.294,7.19804,3.23616,0.702478,LeVoyer_S2,,,,,0,,,,,0,,,,,0,0.0
CH297,CH 29-7,12.175,-103.825,2665.0,Pacific,0.276062,12.1789,167.272,8.73599,2.86698,3.0471,0.702479,LeVoyer_S2,,,,,0,,,,,0,,,,,0,0.0
CH1162,CH 116-2,12.2,-103.842,2638.0,Pacific,0.446001,21.8658,192.158,25.1893,8.22349,3.0631,0.702742,LeVoyer_S2,,,,,0,,,,,0,,,,,0,0.0
NHOCHEP116003,NHOCHEP-116-003,12.2,-103.842,2638.5,Pacific,0.11,6.327,216.027,4.317,1.376,3.13735,0.70239,LeVoyer_S2,,,,,0,,,,,0,,,,,0,0.0
NHOCHEP116002,NHOCHEP-116-002,12.2,-103.842,2638.5,Pacific,0.42,21.857,226.671,24.76,7.953,3.11329,0.70253,LeVoyer_S2,,,,,0,,,,,0,,,,,0,0.0
WASVNTR011006,WASVNTR-011-006,12.2292,-103.852,2637.0,Pacific,0.088,5.02496,173.858,3.96237,1.02684,3.8588,,LeVoyer_S2,,,,,0,,,,,0,,,,,0,0.0
CH1193,CH 119-3,12.371,-103.878,2642.0,Pacific,0.227623,12.0146,203.972,9.13911,3.02474,3.02146,0.702663,LeVoyer_S2,,,,,0,,,,,0,,,,,0,0.0
CH261,CH 26-1,12.488,-103.905,2635.0,Pacific,0.524658,22.5966,175.126,32.0371,8.22074,3.89711,0.702564,LeVoyer_S2,,,,,0,,,,,0,,,,,0,0.0
NHOCHEP121002,NHOCHEP-121-002,12.533,-103.913,2629.0,Pacific,0.24,12.499,189.456,9.248,2.989,3.09401,0.7025,LeVoyer_S2,,,,,0,,,,,0,,,,,0,0.0
NHOCHEP024007,NHOCHEP-024-007,12.673,-103.913,2625.0,Pacific,0.32,15.522,232.185,26.546,6.147,4.31853,0.70258,LeVoyer_S2,,,,,0,,,,,0,,,,,0,0.0
CH241,CH 24-1,12.673,-103.91,2625.0,Pacific,0.203688,10.1927,206.159,7.59129,2.45328,3.09434,0.702531,LeVoyer_S2,,,,,0,,,,,0,,,,,0,0.0
CH247,CH 24-7,12.673,-103.91,2625.0,Pacific,0.338904,15.6251,192.015,26.3286,6.26768,4.2007,0.702576,LeVoyer_S2,,,,,0,,,,,0,,,,,0,0.0
CYA1982009003,CYA1982-009-003,12.715,-103.913,2623.0,Pacific,0.49,23.7,216.897,41.2,11.0,3.74545,0.702609,LeVoyer_S2,,,,,0,,,,,0,,,,,0,0.0
CYA1982027001,CYA1982-027-001,12.717,-103.922,2665.0,Pacific,0.3,15.5,199.838,23.3,7.0,3.32857,0.702555,LeVoyer_S2,,,,,0,,,,,0,,,,,0,0.0
SON0022045,SON0022-045,12.73,-104.0,2618.0,Pacific,,,206.751,,,,,LeVoyer_S2,,,,,0,,,,,0,,,,,0,0.0
SON0022043,SON0022-043,12.74,-104.0,2660.0,Pacific,,,193.548,,,,,LeVoyer_S2,,,,,0,,,,,0,,,,,0,0.0
CYA1982031001,CYA1982-031-001,12.78,-103.933,2596.0,Pacific,,,195.133,,,,,LeVoyer_S2,,,,,0,,,,,0,,,,,0,0.0
CH203,CH 20-3,12.81,-103.878,2725.0,Pacific,0.297775,14.0897,186.813,22.0949,5.40389,4.0887,0.702776,LeVoyer_S2,,,,,0,,,,,0,,,,,0,0.1
SON0022053,SON0022-053,12.82,-103.9,2764.0,Pacific,,,211.342,,,,,LeVoyer_S2,,,,,0,,,,,0,,,,,0,0.0
CHRCLIP004,CHRCLIP-004,12.83,-103.93,2612.0,Pacific,,,174.029,,,,,LeVoyer_S2,,,,,0,,,,,0,,,,,0,0.0
SON0022052,SON0022-052,12.85,-103.9,2620.0,Pacific,,,97.9514,,,,,LeVoyer_S2,,,,,0,,,,,0,,,,,0,0.0
VG11182,VG11182,12.858,-103.96,2632.0,Pacific,0.173531,9.19311,184.932,7.96539,2.0677,3.85231,,LeVoyer_S2,,,,,0,,,,,0,,,,,0,0.0
SON0022051,SON0022-051,12.86,-103.9,2606.0,Pacific,,,203.577,,,,,LeVoyer_S2,,,,,0,,,,,0,,,,,0,0.0
CH184,CH 18-4,12.887,-103.97,2700.0,Pacific,0.30822,14.3038,188.762,17.0702,4.45792,3.8292,0.702554,LeVoyer_S2,,,,,0,,,,,0,,,,,0,0.0
CH147,CH 14-7,12.913,-103.987,2645.0,Pacific,0.179414,9.12531,215.481,7.1417,2.09943,3.40174,0.702689,LeVoyer_S2,,,,,0,,,,,0,,,,,0,0.2
CH93,CH 9-3,13.358,-104.078,2605.0,Pacific,0.482676,18.2004,196.611,38.5009,7.31996,5.25971,0.703047,LeVoyer_S2,,,,,0,,,,,0,,,,,0,0.7
CH81,CH 8-1,13.442,-104.133,2620.0,Pacific,0.282417,13.675,214.95,15.3687,4.12465,3.72606,0.702508,LeVoyer_S2,,,,,0,,,,,0,,,,,0,0.5
CH71,CH 7-1,13.583,-104.133,2640.0,Pacific,0.550763,22.8814,206.521,55.7596,10.3758,5.37401,0.70264,LeVoyer_S2,,,,,0,,,,,0,,,,,0,1.0
CH72,CH 7-2,13.583,-104.133,2640.0,Pacific,0.323677,14.7049,265.2,15.9902,4.32495,3.6972,0.70257,LeVoyer_S2,,,,,0,,,,,0,,,,,0,1.0
NHOCHEP006001,NHOCHEP-006-001,13.645,-104.171,2710.0,Pacific,0.34,18.395,220.115,47.786,8.778,5.44384,0.70263,LeVoyer_S2,,,,,0,,,,,0,,,,,0,1.0
CH61,CH 6-1,13.645,-104.17,2710.0,Pacific,0.44658,18.3341,240.703,47.209,8.64801,5.45895,0.70263,LeVoyer_S2,,,,,0,,,,,0,,,,,0,1.0
VG11141,VG11141,13.65,-104.17,2710.0,Pacific,0.405773,18.1647,184.833,44.6825,8.11483,5.50628,0.70263,LeVoyer_S2,,,,,0,,,,,0,,,,,0,1.0
SON0022041,SON0022-041,13.69,-104.2,2690.0,Pacific,,,243.579,,,,,LeVoyer_S2,,,,,0,,,,,0,,,,,0,1.0
CH54,CH 5-4,13.753,-104.156,2660.0,Pacific,0.466965,18.9274,223.385,38.2067,7.65315,4.99228,0.70256,LeVoyer_S2,0,20,20,1.7,1,,,,,0,,,,,0,1.7
VG4451,VG4451,13.83,-104.18,1457.5,Pacific,0.344331,,246.714,,,,0.70256,LeVoyer_S2,0,20,20,1.7,1,,,,,0,,,,,0,1.7
CH41,CH 4-1,13.857,-104.18,2660.0,Pacific,0.491777,18.722,259.538,46.9955,8.60869,5.45908,0.70261,LeVoyer_S2,0,20,20,1.7,1,,,,,0,,,,,0,1.7
CH33,CH 3-3,13.967,-104.195,2690.0,Pacific,0.256582,11.6211,262.673,13.7613,3.44529,3.99424,0.70256,LeVoyer_S2,0,20,20,2.9,1,,,,,0,,,,,0,2.9
CH22,CH 2-2,14.142,-104.215,2780.0,Pacific,0.31963,16.7593,161.085,25.828,6.33865,4.07468,0.7026,LeVoyer_S2,0,20,20,4.9,1,,,,,0,,,,,0,4.9
CH16,CH 1-6,14.277,-104.263,2825.0,Pacific,0.295078,11.9661,220.79,10.9328,3.17832,3.4398,0.702579,LeVoyer_S2,0,20,20,4.9,1,,,,,0,,,,,0,4.9
VG9483,VG9483,14.59,-104.33,2797.0,Pacific,0.334735,15.0966,190.718,9.25571,3.12304,2.96369,0.70252,LeVoyer_S2,0,20,20,10.1,1,0,20,20,10.1,1,,,,,0,10.1
VG9485,VG9485,14.7,-104.33,2850.0,Pacific,0.230957,11.132,246.595,7.08997,2.0783,3.41144,,LeVoyer_S2,0,20,20,10.1,1,0,20,20,10.1,1,,,,,0,10.1
RC66,RC 66,15.37,-105.32,2491.0,Pacific,0.500463,23.4968,221.73,69.544,7.54406,9.21838,0.702853,LeVoyer_S2,0,20,20,18.2,1,0,20,20,18.2,1,,,,,0,18.2
D291,D29-1,15.5908,-105.403,2324.0,Pacific,,,207.472,,,,,LeVoyer_S2,0,20,20,26.8,1,0,20,20,26.8,1,,,,,0,26.8
RC69,RC 69,15.6,-105.41,2324.0,Pacific,0.296865,16.5096,212.992,51.8927,6.79092,7.64148,0.702801,LeVoyer_S2,0,20,20,26.8,1,0,20,20,26.8,1,,,,,0,26.8
D22A,D22A,15.71,-105.43,2314.0,Pacific,,10.61,179.813,35.77,3.86,9.26684,0.703118,LeVoyer_S2,0,20,20,38.4,1,0,20,20,38.4,1,,,,,0,38.4
D224,D22-4,15.7146,-105.429,2313.0,Pacific,0.102203,,174.639,,,,,LeVoyer_S2,0,20,20,38.4,1,0,20,20,38.4,1,,,,,0,38.4
CHRSR01002,CHRSR01-002,15.817,-105.4,2750.0,Pacific,0.22,,346.717,,,,0.70247,LeVoyer_S2,0,20,20,38.4,1,0,20,20,38.4,1,,,,,0,38.4
D201,D20-1,15.85,-105.44,2319.0,Pacific,0.198327,12.2101,121.13,40.2174,4.78829,8.39911,0.702956,LeVoyer_S2,0,20,20,38.4,1,0,20,20,38.4,1,,,,,0,38.4
D691,D69-1,15.91,-105.45,2312.0,Pacific,0.172909,11.2917,162.429,38.0181,4.18962,9.07436,0.703044,LeVoyer_S2,0,20,20,53.9,1,0,20,20,53.9,1,0,20,20,53.9,1,53.9
RC100,RC 100,16.02,-105.46,2690.0,Pacific,0.141521,8.83044,146.634,17.1616,2.50628,6.84747,0.702546,LeVoyer_S2,0,20,20,53.9,1,0,20,20,53.9,1,0,20,20,53.9,1,53.9
D701,D70-1,16.02,-105.44,2339.0,Pacific,0.228848,11.744,160.265,23.9636,4.59706,5.21281,0.702732,LeVoyer_S2,0,20,20,53.9,1,0,20,20,53.9,1,0,20,20,53.9,1,53.9
RC95,RC 95,16.02,-105.42,2612.0,Pacific,0.282988,15.6385,153.129,44.8693,5.71401,7.85251,0.702758,LeVoyer_S2,0,20,20,53.9,1,0,20,20,53.9,1,0,20,20,53.9,1,53.9
D181,D18-1,16.28,-105.32,2750.0,Pacific,0.308795,15.1446,180.955,29.3326,4.89247,5.99546,0.702614,LeVoyer_S2,0,20,20,74.0,1,0,20,20,74.0,1,0,20,20,74.0,1,74.0
RC28,RC 28,16.42,-105.31,2656.0,Pacific,0.194425,10.0155,194.864,16.0607,2.74997,5.84033,0.702719,LeVoyer_S2,0,20,20,99.5,1,0,20,20,99.5,1,0,20,20,99.5,1,99.5
RC25,RC 25,16.63,-105.34,2682.0,Pacific,0.235721,11.4561,203.898,12.9215,2.86599,4.50856,0.702653,LeVoyer_S2,0,20,20,131.1,1,0,20,20,131.1,1,0,20,20,131.1,1,131.1
RC23,RC 23,16.73,-105.36,2725.0,Pacific,0.209273,11.0604,194.124,14.3344,2.78843,5.14066,0.70256,LeVoyer_S2,0,20,20,169.3,1,0,20,20,169.3,1,0,20,20,169.3,1,169.3
RC104,RC 104,16.93,-105.37,2705.0,Pacific,0.152905,7.93811,205.76,9.06995,1.72481,5.25853,0.702553,LeVoyer_S2,0,20,20,214.2,1,0,20,20,214.2,1,0,20,20,214.2,1,214.2
RC20,RC 20,17.05,-105.39,2732.0,Pacific,0.214824,10.2986,189.21,13.5625,2.52867,5.3635,0.702584,LeVoyer_S2,0,20,20,214.2,1,0,20,20,214.2,1,0,20,20,214.2,1,214.2
RC19,RC 19,17.13,-105.39,2747.0,Pacific,0.230745,11.5238,192.621,16.8103,3.08125,5.45567,0.702586,LeVoyer_S2,0,20,20,265.9,1,0,20,20,265.9,1,0,20,20,265.9,1,265.9
RC18,RC 18,17.3,-105.4,2795.0,Pacific,0.247978,11.3301,208.596,18.5289,3.34999,5.53104,0.702588,LeVoyer_S2,0,20,20,265.9,1,0,20,20,265.9,1,0,20,20,265.9,1,265.9
RC16,RC 16,17.47,-105.42,2825.0,Pacific,0.247594,11.0062,200.234,14.4086,2.92493,4.92615,0.702548,LeVoyer_S2,0,20,20,323.8,1,0,20,20,323.8,1,0,20,20,323.8,1,323.8
RC8,RC 8,17.92,-106.26,3402.0,Pacific,0.26605,11.4868,218.867,8.86672,2.38425,3.71887,0.70248,LeVoyer_S2,0,20,20,281.1,1,0,20,20,281.1,1,0,20,20,281.1,1,281.1
RC6,RC 6,18.13,-106.3,2704.0,Pacific,0.300714,17.2888,224.96,30.8694,8.58877,3.59415,0.702582,LeVoyer_S2,0,20,20,328.3,1,0,20,20,328.3,1,0,20,20,328.3,1,328.3
RC11,RC11,18.1329,-106.3,2704.0,Pacific,1.05962,,231.615,,,,,LeVoyer_S2,0,20,20,328.3,1,0,20,20,328.3,1,0,20,20,328.3,1,328.3
D03LB,D03-lB,18.4895,-106.257,2980.0,Pacific,0.300735,,173.936,,,,,LeVoyer_S2,0,20,20,377.1,1,0,20,20,377.1,1,0,20,20,377.1,1,377.1
WFL2003556GS3L8,WFL2003-556-GS3-L8,20.7848,-109.15,2554.4,Pacific,,,239.264,,,,,LeVoyer_S2,0,20,20,38.9,1,0,20,20,38.9,1,,,,,0,38.9
ALV0911R005,ALV0911-R005,20.85,-109.05,2641.0,Pacific,,,228.475,,,,,LeVoyer_S2,0,20,20,50.2,1,0,20,20,50.2,1,0,20,20,50.2,1,50.2
ALV0910R003,ALV0910-R003,20.875,-109.083,2633.0,Pacific,,,212.044,,,,,LeVoyer_S2,0,20,20,50.2,1,0,20,20,50.2,1,0,20,20,50.2,1,50.2
ALV0910R004,ALV0910-R004,20.875,-109.083,2633.0,Pacific,,,185.658,,,,0.702493,LeVoyer_S2,0,20,20,50.2,1,0,20,20,50.2,1,0,20,20,50.2,1,50.2
VG7172,VG7172,22.55,-108.42,2800.0,Pacific,0.121888,7.80297,178.998,1.53625,0.802668,1.91393,,LeVoyer_S2,0,40,40,321.8,2,0,20,20,315.3,1,0,20,20,315.3,1,321.8
WFL2003558PC65L8,WFL2003-558-PC65-L8,22.8315,-108.122,3143.3,Pacific,,,156.207,,,,,LeVoyer_S2,0,40,40,391.1,2,0,40,40,391.1,2,0,20,20,379.2,1,391.1
WFL2003558PC65L9,WFL2003-558-PC65-L9,22.8315,-108.122,3143.3,Pacific,,,197.848,,,,,LeVoyer_S2,0,40,40,391.1,2,0,40,40,391.1,2,0,20,20,379.2,1,391.1
WFL2003554PC65L7,WFL2003-554-PC65-L7,23.3885,-108.528,2344.1,Pacific,,,172.193,,,,,LeVoyer_S2,0,40,40,415.3,2,0,40,40,415.3,2,0,20,20,399.3,1,415.3
VG317,VG317,43.35,-127.52,2438.0,Pacific,0.408624,24.1322,170.285,112.26,15.5144,7.23586,,LeVoyer_S2,0,20,20,138.5,1,0,20,20,138.5,1,0,20,20,138.5,1,138.5
VG318,VG318,43.35,-127.52,2438.0,Pacific,0.418715,24.9409,201.717,116.677,15.8016,7.38388,,LeVoyer_S2,0,20,20,138.5,1,0,20,20,138.5,1,0,20,20,138.5,1,138.5
VG322,VG322,43.35,-127.52,2438.0,Pacific,0.594175,34.893,177.647,180.046,23.4149,7.68938,,LeVoyer_S2,0,20,20,138.5,1,0,20,20,138.5,1,0,20,20,138.5,1,138.5
VG782,VG782,44.18,-129.33,3354.0,Pacific,0.325644,14.605,223.115,29.266,6.8069,4.29946,,LeVoyer_S2,0,20,20,19.2,1,0,20,20,19.2,1,,,,,0,19.2
VG786,VG786,44.18,-129.33,3354.0,Pacific,0.326638,14.8204,165.067,30.3949,6.758,4.49762,,LeVoyer_S2,0,20,20,19.2,1,0,20,20,19.2,1,,,,,0,19.2
VG332,VG332,44.27,-129.75,3995.0,Pacific,0.236424,8.6148,307.794,16.7818,3.22816,5.19858,,LeVoyer_S2,0,20,20,10.4,1,0,20,20,10.4,1,,,,,0,10.4
VG373,VG373,44.27,-129.75,3995.0,Pacific,0.141594,4.68253,283.662,8.07182,1.75307,4.60439,,LeVoyer_S2,0,20,20,10.4,1,0,20,20,10.4,1,,,,,0,10.4
VG388,VG388,44.33,-129.92,4392.0,Pacific,0.501436,23.1699,302.388,28.3403,7.61503,3.72163,,LeVoyer_S2,0,20,20,8.5,1,,,,,0,,,,,0,8.5
VG184,VG184,44.33,-129.83,3140.0,Pacific,0.2321,12.666,212.4,11.6683,3.19167,3.65586,,LeVoyer_S2,0,20,20,11.6,1,0,20,20,11.6,1,,,,,0,11.6
VG186,VG186,44.42,-129.92,3084.0,Pacific,0.291273,15.8081,183.247,20.6355,5.11334,4.03562,,LeVoyer_S2,0,20,20,8.5,1,,,,,0,,,,,0,8.5
VG187,VG187,44.42,-129.92,3084.0,Pacific,0.304361,16.9184,222.968,20.4329,5.23974,3.89961,,LeVoyer_S2,0,20,20,8.5,1,,,,,0,,,,,0,8.5
AII012511013,AII0125-11-013,44.438,-130.468,2300.0,Pacific,,,179.899,74.2,4.5,,,LeVoyer_S2,0,20,20,4.3,1,,,,,0,,,,,0,4.3
WFL2002457PC10LIMU6,WFL2002-457-PC10-limu 6,44.5662,-130.365,2258.1,Pacific,,,184.256,,,,,LeVoyer_S2,0,20,20,5.0,1,,,,,0,,,,,0,5.0
VG7456,VG7456,44.64,-130.37,2240.0,Pacific,0.228953,15.3823,115.172,15.759,4.25703,3.70189,,LeVoyer_S2,0,20,20,5.0,1,,,,,0,,,,,0,5.0
ALV2263001,ALV2263-001,44.643,-130.366,2275.0,Pacific,,,148.841,24.5,3.2,7.65625,,LeVoyer_S2,0,20,20,5.0,1,,,,,0,,,,,0,5.0
VG175,VG175,44.75,-130.42,2600.0,Pacific,0.337514,16.8456,144.717,17.5084,4.87202,3.59366,,LeVoyer_S2,0,20,20,5.8,1,,,,,0,,,,,0,5.8
VG7440,VG7440,44.82,-130.29,2260.0,Pacific,0.210223,13.9261,190.063,24.7807,5.82503,4.25418,,LeVoyer_S2,0,20,20,8.0,1,,,,,0,,,,,0,8.0
AII012511010,AII0125-11-010,44.835,-130.407,2575.0,Pacific,,,200.358,51.0,3.87,13.1783,,LeVoyer_S2,0,20,20,5.8,1,,,,,0,,,,,0,5.8
ALV2264002,ALV2264-002,44.905,-130.239,2291.0,Pacific,,,150.956,26.9,,,,LeVoyer_S2,0,20,20,9.3,1,,,,,0,,,,,0,9.3
ALV2269002,ALV2269-002,44.984,-130.203,2253.0,Pacific,,,157.453,27.1,3.5,7.74286,,LeVoyer_S2,0,20,20,9.3,1,,,,,0,,,,,0,9.3
AII012511011,AII0125-11-011,45.068,-130.147,2250.0,Pacific,,,274.44,28.7,3.1,9.25806,,LeVoyer_S2,0,20,20,9.3,1,,,,,0,,,,,0,9.3
VG1969,VG1969,45.13,-130.12,1303.0,Pacific,0.260346,14.1006,216.417,15.3686,4.18572,3.67168,,LeVoyer_S2,0,20,20,11.0,1,0,20,20,11.0,1,,,,,0,11.0
ALV2430001,ALV2430-001,45.133,-130.167,2430.0,Pacific,,,184.635,,3.6,,,LeVoyer_S2,0,20,20,11.0,1,0,20,20,11.0,1,,,,,0,11.0
THO0152044,THO0152-044,45.134,-130.186,2375.0,Pacific,0.18,,177.956,,,,,LeVoyer_S2,0,20,20,11.0,1,0,20,20,11.0,1,,,,,0,11.0
AII012511012,AII0125-11-012      ,45.17,-130.157,2410.0,Pacific,0.175727,8.43359,160.635,13.3088,2.37455,5.60476,,LeVoyer_S2,0,20,20,11.0,1,0,20,20,11.0,1,,,,,0,11.0
VG1963,VG1963,45.27,-130.13,2400.0,Pacific,0.21029,12.0442,181.141,19.7764,4.67624,4.22911,,LeVoyer_S2,0,20,20,11.0,1,0,20,20,11.0,1,,,,,0,11.0
VG1962,VG1962,45.27,-130.13,2400.0,Pacific,0.289342,14.2046,208.366,16.3337,4.34734,3.75717,,LeVoyer_S2,0,20,20,11.0,1,0,20,20,11.0,1,,,,,0,11.0
AII012511018,AII0125-11-018,45.328,-130.075,2390.0,Pacific,,,203.695,36.0,3.86,9.32642,,LeVoyer_S2,0,20,20,17.4,1,0,20,20,17.4,1,,,,,0,17.4
AII012511017,AII0125-11-017,45.333,-130.085,2410.0,Pacific,,,174.599,33.7,4.18,8.0622,,LeVoyer_S2,0,20,20,17.4,1,0,20,20,17.4,1,,,,,0,17.4
WFL2005882PC52055,WFL2005-882-PC520-5/5,45.5154,-130.041,2388.1,Pacific,,,226.814,,,,,LeVoyer_S2,0,20,20,20.8,1,0,20,20,20.8,1,,,,,0,20.8
WFL2005882PC52056,WFL2005-882-PC520-5/6,45.5154,-130.041,2388.1,Pacific,,,191.827,,,,,LeVoyer_S2,0,20,20,20.8,1,0,20,20,20.8,1,,,,,0,20.8
WFL2005883PC435,WFL2005-883-PC43/5,45.9927,-130.026,1514.2,Pacific,,,132.734,,,,,LeVoyer_S2,0,20,20,30.3,1,0,20,20,30.3,1,,,,,0,30.3
ENV7123003005,ENV7123-003-005,48.517,-128.917,2377.0,Pacific,0.06,3.92835,188.489,0.644252,0.213259,3.02098,,LeVoyer_S2,0,40,40,614.6,2,0,40,40,614.6,2,0,20,20,602.0,1,614.6
VG956,VG956,48.97,-131.03,2300.0,Pacific,0.26579,11.4446,152.736,25.1201,4.50916,5.57092,,LeVoyer_S2,0,40,40,243.8,2,0,20,20,241.0,1,0,20,20,241.0,1,243.8
VG958,VG958,48.99,-130.99,1500.0,Pacific,0.201972,6.67193,235.394,4.68276,1.28965,3.63104,,LeVoyer_S2,0,40,40,243.8,2,0,20,20,241.0,1,0,20,20,241.0,1,243.8
VG955,VG955,49.08,-130.95,1500.0,Pacific,0.327095,8.73502,232.241,5.39531,1.52909,3.52843,0.70237,LeVoyer_S2,0,40,40,243.8,2,0,20,20,241.0,1,0,20,20,241.0,1,243.8
ENV7115070001,ENV7115-070-001,49.1167,-130.605,2540.0,Pacific,,,374.463,,,,,LeVoyer_S2,0,40,40,371.0,2,0,20,20,365.1,1,0,20,20,365.1,1,371.1
ENV7115070008,ENV7115-070-008,49.1167,-130.605,2540.0,Pacific,,,302.72,,,,,LeVoyer_S2,0,40,40,371.0,2,0,20,20,365.1,1,0,20,20,365.1,1,371.1
PS4CSM41502009,PS4CSM4-1502-009,49.74,-130.3,1884.0,Pacific,,,182.059,155.0,23.8,6.51261,,LeVoyer_S2,0,40,40,588.6,2,0,40,40,588.6,2,0,20,20,572.6,1,589.0
ENV7906032001V,ENV7906-032-001V,49.99,-129.88,2375.0,Pacific,,,163.442,,,,,LeVoyer_S2,0,40,40,828.0,2,0,40,40,828.0,2,0,20,20,793.2,1,828.5
VG954,VG954,50.0,-129.45,1700.0,Pacific,0.14696,6.31466,188.8,10.707,1.88314,5.68573,,LeVoyer_S2,0,40,40,952.9,2,0,40,40,952.9,2,0,20,20,903.8,1,953.2
ENV7714033A,ENV7714-033-A,50.08,-130.3,2675.0,Pacific,,,232.728,44.0,10.5,4.19048,,LeVoyer_S2,0,40,40,641.9,2,0,40,40,641.9,2,0,20,20,622.1,1,642.7
ENV7714033B,ENV7714-033-B,50.08,-130.3,2675.0,Pacific,,,121.111,,,,,LeVoyer_S2,0,40,40,641.9,2,0,40,40,641.9,2,0,20,20,622.1,1,642.7
VG960,VG960,50.3,-130.43,1975.0,Pacific,0.285145,15.7241,252.725,54.1571,8.27336,6.54596,,LeVoyer_S2,0,40,40,690.4,2,0,40,40,690.4,2,0,20,20,666.4,1,691.6
ENV7115077006,ENV7115-077-006,50.31,-130.29,2300.0,Pacific,0.321,14.0,181.343,44.0,8.0,5.5,,LeVoyer_S2,0,40,40,793.2,2,0,40,40,793.2,2,0,20,20,758.8,1,794.8
ENV7115077005,ENV7115-077-005,50.31,-130.29,2300.0,Pacific,,,231.002,,,,,LeVoyer_S2,0,40,40,793.2,2,0,40,40,793.2,2,0,20,20,758.8,1,794.8
PAC1CV1,PAC1 CV1,-65.1,-173.75,,,0.119,5.6,213.0,,1.4,,0.702597,Compiled,80,120,40,902.1,8,80,120,40,902.1,8,80,120,40,902.1,8,4190.0
PAC1CV2,PAC1 CV2,-64.83,-172.43,,,0.207,10.5,197.0,,2.1,,0.702568,Compiled,80,120,40,895.2,8,80,120,40,895.2,8,80,100,20,868.8,7,4038.4
PAC1CV3,PAC1 CV3,-64.53,-171.88,,,0.222,8.7,255.0,,2.2,,0.702406,Compiled,80,120,40,866.1,9,80,120,40,866.1,8,80,100,20,850.5,7,3793.9
PAC1CV4,PAC1 CV4,-64.4,-169.4,,,0.084,6.3,134.0,,1.0,,0.702512,Compiled,60,120,60,737.9,10,80,100,20,731.5,8,80,100,20,731.5,7,2616.5
PAC1CV7,PAC1 CV7,-63.54,-165.96,,,0.118,10.5,113.0,,1.5,,0.702778,Compiled,60,100,40,279.0,9,80,100,20,275.1,5,80,100,20,275.1,5,1383.8
PAC1CV6,PAC1 CV6,-63.45,-166.06,,,0.103,5.2,198.0,,0.8,,0.702397,Compiled,60,100,40,249.8,9,80,100,20,243.8,5,80,100,20,243.8,4,1383.6
PAC1DR4,PAC1 DR4,-62.41,-153.04,,,0.215,10.7,201.0,,3.5,,0.702649,Compiled,320,380,60,455.4,3,320,380,60,455.4,3,340,380,40,444.3,2,455.5
PAC1DR3,PAC1 DR3,-62.32,-156.08,,,0.267,14.8,181.0,,5.0,,,Compiled,320,380,60,499.8,3,320,380,60,499.8,3,320,380,60,499.8,3,499.9
PAC1DR51,PAC1 DR5-1,-62.0,-154.54,,,0.159,10.2,155.0,,3.4,,0.702407,Compiled,320,380,60,340.2,3,320,380,60,340.2,3,340,380,40,325.4,2,340.2
PAC1DR6,PAC1 DR6,-60.94,-153.21,,,0.271,14.6,185.0,,3.7,,0.702502,Compiled,340,380,40,232.0,2,340,380,40,232.0,2,360,380,20,204.4,1,232.8
PAC1DR71,PAC1 DR7-1,-60.0,-152.08,,,0.311,17.9,174.0,,5.8,,0.702472,Compiled,340,380,40,213.6,2,340,380,40,213.6,2,340,380,40,213.6,2,213.6
PAC1DR101,PAC1 DR10-1,-57.89,-148.5,,,0.781,39.6,197.0,,13.6,,0.702473,Compiled,340,380,40,229.2,2,340,380,40,229.2,2,340,360,20,218.0,1,229.2
PAC1DR102,PAC1 DR10-2,-57.89,-148.5,,,0.384,23.1,166.0,,8.0,,,Compiled,340,380,40,229.2,2,340,380,40,229.2,2,340,360,20,218.0,1,229.2
PAC1DR111,PAC1 DR11-1,-57.63,-146.8,,,0.189,9.6,197.0,,1.9,,0.702435,Compiled,340,380,40,327.1,2,340,360,20,322.9,1,340,360,20,322.9,1,327.1
PAC1DR121,PAC1 DR12-1,-57.18,-146.29,,,0.117,6.0,196.0,,0.8,,0.70231,Compiled,340,380,40,335.8,2,340,360,20,334.5,1,340,360,20,334.5,1,335.8
PAC1DR131,PAC1 DR13-1,-56.57,-145.74,,,0.211,11.7,181.0,,2.9,,,Compiled,340,360,20,303.7,1,340,360,20,303.7,1,340,360,20,303.7,1,304.0
PAC1DR132,PAC1 DR13-2,-56.57,-145.74,,,0.235,11.1,211.0,,2.9,,0.702556,Compiled,340,360,20,303.7,1,340,360,20,303.7,1,340,360,20,303.7,1,304.0
PAC2DR11,PAC2 DR1-1,-52.52,-118.4,,,0.24,14.4,166.0,17.0,3.7,4.49,0.702422,Compiled,,,,,0,,,,,0,,,,,0,0.0
EW930922D3G,EW9309 22D-3G,-52.458,-4.57,,,0.642,36.13,178.0,121.6,15.5,7.83,0.703576,Compiled,,,,,0,,,,,0,,,,,0,0.0
EW930923D1G,EW9309 23D-1G,-52.157,-5.34,,,0.369,24.5,253.0,62.5,8.8,7.1,0.703058,Compiled,,,,,0,,,,,0,,,,,0,0.0
EW930921D1G,EW9309 21D-1g,-51.822,-5.5,,,0.371,21.71,171.0,89.5,9.9,9.09,0.703115,Compiled,,,,,0,,,,,0,,,,,0,0.0
PAC2DR31,PAC2 DR3-1,-51.79,-118.0,,,0.278,14.8,205.0,13.0,4.4,3.05,,Compiled,,,,,0,,,,,0,,,,,0,0.0
EW930920D1G,EW9309 20D-1g,-51.428,-5.78,,,0.333,20.8,160.0,79.5,9.1,8.78,0.70344,Compiled,,,,,0,,,,,0,,,,,0,0.0
PAC2DR42,PAC2 DR4-2,-51.42,-117.8,,,0.231,12.8,181.0,9.0,3.1,2.81,0.702367,Compiled,,,,,0,,,,,0,,,,,0,0.0
EW930919D1G,EW9309 19D-1g,-51.062,-6.16,,,0.347,10.76,323.0,21.1,2.9,7.33,0.70274,Compiled,,,,,0,,,,,0,,,,,0,0.0
EW930918D1G,EW9309 18D-1g,-51.053,-6.2,,,0.2,14.68,136.0,52.8,5.9,8.9,0.703231,Compiled,,,,,0,,,,,0,,,,,0,0.0
PAC2DR52,PAC2 DR5-2,-50.98,-117.4,,,0.33,17.6,187.0,28.0,6.8,4.08,0.702524,Compiled,,,,,0,,,,,0,,,,,0,0.0
EW930917D1G,EW9309 17D-1g,-50.757,-6.34,,,0.281,15.46,182.0,38.9,5.6,6.97,0.70268,Compiled,,,,,0,,,,,0,,,,,0,0.0
PAC2DR66,PAC2 DR6-6,-50.7,-117.2,,,0.655,39.0,168.0,47.0,14.8,3.18,0.702396,Compiled,,,,,0,,,,,0,,,,,0,0.0
EW930915D1G,EW9309 15D-1g,-50.578,-6.43,,,0.205,13.65,150.0,30.6,5.0,6.16,0.702741,Compiled,,,,,0,,,,,0,,,,,0,0.0
EW930914D1G,EW9309 14D-1g,-50.267,-7.06,,,0.18,11.91,151.0,15.4,2.7,5.7,0.702644,Compiled,,,,,0,,,,,0,,,,,0,0.0
PAC2DR81,PAC2 DR8-1,-49.99,-117.0,,,0.301,15.8,191.0,25.0,6.0,4.16,0.702483,Compiled,,,,,0,,,,,0,,,,,0,0.0
PAC2DR201,PAC2 DR20-1,-49.73,-113.8,,,0.48,34.2,140.0,26.0,10.7,2.43,0.702493,Compiled,,,,,0,,,,,0,,,,,0,0.0
EW930911D1G,EW9309 11D-1g,-49.443,-7.97,,,0.159,10.62,149.0,11.2,1.3,8.36,0.702562,Compiled,,,,,0,,,,,0,,,,,0,0.0
PAC2DR212,PAC2 DR21-2,-49.26,-113.6,,,0.238,14.0,171.0,15.0,4.9,2.95,0.702483,Compiled,,,,,0,,,,,0,,,,,0,0.0
EW930909D1G,EW9309 09D-1G,-49.147,-9.91,,,0.392,22.12,177.0,105.7,8.2,12.91,0.704604,Compiled,,,,,0,,,,,0,,,,,0,0.3
EW930908D1G,EW9309 08D-1g,-48.963,-9.97,,,0.295,21.44,138.0,103.5,7.6,13.65,0.704286,Compiled,,,,,0,,,,,0,,,,,0,0.3
EW930907D1G,EW9309 07D-1g,-48.76,-10.07,,,0.503,36.42,138.0,339.6,20.8,16.3,0.705093,Compiled,,,,,0,,,,,0,,,,,0,0.2
PAC2DR221,PAC2 DR22-1,-48.73,-113.4,,,0.265,14.6,181.0,13.0,4.3,2.92,0.702465,Compiled,,,,,0,,,,,0,,,,,0,0.0
EW930905D5G,EW9309 05D-5g,-48.24,-9.99,,,0.436,32.34,135.0,177.3,14.3,12.38,0.703976,Compiled,,,,,0,,,,,0,,,,,0,0.1
EW930904D3G,EW9309 04D-3g,-47.967,-10.08,,,0.296,21.71,136.0,106.0,8.6,12.3,0.703762,Compiled,,,,,0,,,,,0,,,,,0,0.1
EW930903D1G,EW9309 03D-1g,-47.795,-10.15,,,0.378,28.27,134.0,148.2,12.1,12.23,,Compiled,,,,,0,,,,,0,,,,,0,0.1
EW930902D1G,EW9309 02D-1G,-47.548,-10.18,,,0.483,34.52,140.0,200.5,15.9,12.62,0.704127,Compiled,,,,,0,,,,,0,,,,,0,0.1
PAC2DR282,PAC2 DR28-2,-47.51,-113.3,,,0.166,8.6,192.0,6.0,2.4,2.67,0.702468,Compiled,,,,,0,,,,,0,,,,,0,0.0
EW930926D1G,EW9309 26D-1G,-47.353,-13.4,,,0.226,13.78,164.0,20.1,2.2,9.14,0.703072,Compiled,,,,,0,,,,,0,,,,,0,15.9
EW930925D1G,EW9309 25D-1G,-47.348,-10.32,,,0.148,12.97,114.0,70.4,5.4,12.94,0.705728,Compiled,,,,,0,,,,,0,,,,,0,0.1
PAC2DR291,PAC2 DR29-1,-47.01,-113.1,,,0.293,17.1,172.0,14.0,5.1,2.81,0.702504,Compiled,,,,,0,,,,,0,,,,,0,0.0
EW930928D3G,EW9309 28D-3g,-46.9,-13.45,,,0.177,13.26,134.0,28.1,3.0,9.4,0.703196,Compiled,,,,,0,,,,,0,,,,,0,11.0
PAC2DR301,PAC2 DR30-1,-46.4,-112.9,,,0.245,14.9,164.0,14.0,4.4,3.14,0.702472,Compiled,,,,,0,,,,,0,,,,,0,0.0
EW930933D1G,EW9309 33D-1g,-45.99,-14.08,,,0.301,26.43,114.0,183.0,16.6,11.03,0.704475,Compiled,,,,,0,,,,,0,,,,,0,14.3
PAC2DR313,PAC2 DR31-3,-45.85,-112.7,,,0.198,12.6,157.0,9.0,3.2,2.79,0.702479,Compiled,,,,,0,,,,,0,,,,,0,0.0
EW930934D1G,EW9309 34D-1g,-45.847,-14.19,,,0.125,9.03,138.0,15.5,1.6,9.75,0.703544,Compiled,,,,,0,,,,,0,,,,,0,16.3
EW930937D1G,EW9309 37D-1g,-45.233,-15.07,,,0.277,20.5,135.0,104.0,9.7,10.71,0.704121,Compiled,,,,,0,,,,,0,,,,,0,29.6
PAC2DR341,PAC2 DR34-1,-44.24,-112.0,,,0.128,8.1,158.0,3.0,1.2,2.14,0.702392,Compiled,,,,,0,,,,,0,,,,,0,0.0
EW930941D1G,EW9309 41D-1g,-44.02,-16.08,,,0.165,11.16,148.0,21.3,2.4,8.99,0.703273,Compiled,,,,,0,,,,,0,,,,,0,44.5
PAC2DR351A,PAC2 DR35-1a,-43.59,-111.8,,,0.481,22.6,193.0,12.0,5.8,2.11,,Compiled,,,,,0,,,,,0,,,,,0,0.0
PAC2DR361,PAC2 DR36-1,-42.95,-111.6,,,0.28,16.1,174.0,10.0,4.2,2.34,0.702479,Compiled,,,,,0,,,,,0,,,,,0,0.0
PAC2DR372,PAC2 DR37-2,-42.27,-111.3,,,0.246,9.9,163.0,5.0,2.2,2.47,,Compiled,,,,,0,,,,,0,,,,,0,0.0
PAC2DR381,PAC2 DR38-1,-41.8,-113.3,,,0.175,10.2,172.0,7.0,2.3,3.19,0.702465,Compiled,,,,,0,,,,,0,,,,,0,0.0
EPRSOUTH,EPR South,-29.02,-112.7,,,0.253,15.69,161.0,8.1,2.6,3.08,0.70242,Compiled,,,,,0,,,,,0,,,,,0,0.0
EPRSOUTH,EPR South,-29.01,-112.79,,,0.217,13.52,160.0,6.3,2.0,3.15,0.70245,Compiled,,,,,0,,,,,0,,,,,0,0.0
EPRSOUTH,EPR South,-28.48,-112.65,,,0.42,21.84,192.0,15.3,6.1,2.5,0.70269,Compiled,,,,,0,,,,,0,,,,,0,0.0
EMPANOMEASTRIFT,EMP Anom. East Rift,-27.88,-112.81,,,0.415,22.89,181.0,50.7,12.4,4.09,,Compiled,,,,,0,,,,,0,,,,,0,0.0
EMPANOMEASTRIFT,EMP Anom. East Rift,-27.53,-112.76,,,0.141,8.65,163.0,6.4,1.4,4.48,0.7032,Compiled,,,,,0,,,,,0,,,,,0,0.0
EMPANOMEASTRIFT,EMP Anom. East Rift,-27.3,-112.81,,,0.314,16.34,192.0,21.9,6.4,3.44,0.70269,Compiled,,,,,0,,,,,0,,,,,0,0.0
EMPANOMEASTRIFT,EMP Anom. East Rift,-27.21,-112.77,,,0.092,6.56,141.0,5.4,0.9,5.81,,Compiled,,,,,0,,,,,0,,,,,0,0.0
EMPANOMEASTRIFT,EMP Anom. East Rift,-26.92,-112.7,,,0.455,21.22,214.0,41.3,11.6,3.56,0.70281,Compiled,,,,,0,,,,,0,,,,,0,0.0
EMPANOMEASTRIFT,EMP Anom. East Rift,-26.81,-112.64,,,0.761,37.01,206.0,90.9,24.0,3.78,0.70298,Compiled,,,,,0,,,,,0,,,,,0,0.0
EMPWESTRIFT,EMP West Rift,-26.7,-114.92,,,0.253,13.98,181.0,17.5,5.4,3.22,0.70272,Compiled,,,,,0,,,,,0,,,,,0,0.0
EMPANOMEASTRIFT,EMP Anom. East Rift,-26.58,-112.65,,,0.488,24.88,196.0,53.8,14.3,3.75,0.70285,Compiled,,,,,0,,,,,0,,,,,0,0.0
EMPANOMEASTRIFT,EMP Anom. East Rift,-26.46,-112.57,,,0.694,32.92,211.0,80.0,20.4,3.92,0.70285,Compiled,,,,,0,,,,,0,,,,,0,0.0
EMPWESTRIFT,EMP West Rift,-26.35,-115.32,,,0.349,17.49,200.0,25.6,7.0,3.68,,Compiled,,,,,0,,,,,0,,,,,0,0.0
EMPWESTRIFT,EMP West Rift,-25.9,-115.86,,,0.27,15.34,176.0,26.1,6.3,4.13,0.70259,Compiled,,,,,0,,,,,0,,,,,0,0.0
EMPANOMEASTRIFT,EMP Anom. East Rift,-25.24,-112.38,,,0.533,25.65,208.0,28.9,11.0,2.62,,Compiled,,,,,0,,,,,0,,,,,0,0.0
EMPANOMEASTRIFT,EMP Anom. East Rift,-24.86,-112.45,,,0.136,8.19,166.0,0.0,0.4,,0.70249,Compiled,,,,,0,,,,,0,,,,,0,0.0
EMPEASTRIFT,EMP East Rift,-24.78,-111.97,,,0.154,10.36,149.0,12.6,2.3,5.55,,Compiled,,,,,0,,,,,0,,,,,0,0.0
EMPEASTRIFT,EMP East Rift,-24.61,-111.95,,,0.09,6.03,149.0,2.5,0.6,4.02,0.7028,Compiled,,,,,0,,,,,0,,,,,0,0.0
EMPWESTRIFT,EMP West Rift,-24.11,-115.41,,,0.071,4.75,149.0,0.0,0.6,,,Compiled,,,,,0,,,,,0,,,,,0,0.0
EPR,EPR,-23.08,-114.54,,,0.094,5.79,162.0,4.7,0.6,8.55,0.7024,Compiled,,,,,0,,,,,0,,,,,0,0.0
EPR,EPR,-22.68,-114.51,,,0.181,10.47,173.0,7.0,1.8,3.93,,Compiled,,,,,0,,,,,0,,,,,0,0.0
EPR,EPR,-22.53,-114.47,,,0.161,8.58,188.0,5.2,1.2,4.33,0.70243,Compiled,,,,,0,,,,,0,,,,,0,0.0
SONGMP5287,SONGMP5-287,-17.8,-113.196,,,0.23,12.0,192.0,,,,,Compiled,,,,,0,,,,,0,,,,,0,0.0
SONGMP5324,SONGMP5-324,-15.777,-112.95,,,0.33,18.0,183.0,,,,,Compiled,,,,,0,,,,,0,,,,,0,0.0
SONGMP5343,SONGMP5-343,-13.9835,-112.482,,,0.25,12.0,208.0,,,,,Compiled,,,,,0,,,,,0,,,,,0,0.0
SONGMP5409,SONGMP5-409,-6.602,-107.514,,,0.31,22.0,141.0,,,,,Compiled,,,,,0,,,,,0,,,,,0,0.0
RC28061D1G,RC2806 1D-1g,-2.54,-12.233,,,0.083,3.94,209.0,1.5,0.6,2.79,,Compiled,380,400,20,187.8,1,380,400,20,187.8,1,380,400,20,187.8,1,1093.2
RC280616D8G,RC2806 16D-8g,-0.27,-16.235,,,0.392,13.62,288.0,47.6,7.7,6.2,,Compiled,,,,,0,,,,,0,,,,,0,10.9
CH591,CH 59-1,8.0,-102.84,,,0.25,13.96,179.0,11.2,3.1,3.67,,Compiled,,,,,0,,,,,0,,,,,0,0.0
CH611,CH 61-1,8.36,-102.89,,,0.16,9.68,165.0,5.9,2.1,2.87,0.702441,Compiled,,,,,0,,,,,0,,,,,0,0.0
CH981,CH 98-1,10.14,-104.35,,,0.15,10.68,140.0,9.3,2.7,3.49,0.702447,Compiled,,,,,0,,,,,0,,,,,0,0.0
CH382,CH 38-2,11.32,-103.78,,,0.33,17.21,192.0,29.5,6.5,4.55,0.702807,Compiled,,,,,0,,,,,0,,,,,0,0.0
108DR1,108DR1,11.43,-104.0,,,0.214,12.5,171.0,18.3,,,0.702908,Compiled,,,,,0,,,,,0,,,,,0,0.0
CYA1982020002,CYA1982-020-002,12.367,-103.952,,,0.228,12.8,178.0,8.8,,,0.702713,Compiled,,,,,0,,,,,0,,,,,0,0.0
CH1212,CH 121-2,12.53,-103.91,,,0.2,12.5,160.0,9.3,3.0,3.09,0.7025,Compiled,,,,,0,,,,,0,,,,,0,0.0
CYA1982029001,CYA1982-029-001,12.567,-104.062,,,0.068,4.81,141.0,2.3,,,0.702571,Compiled,,,,,0,,,,,0,,,,,0,0.0
CH244,CH 24-4,12.67,-103.91,,,0.15,10.92,137.0,10.1,2.8,3.63,0.70256,Compiled,,,,,0,,,,,0,,,,,0,0.0
CYA1982018001,CYA1982-018-001,12.67,-103.9,,,0.353,18.3,193.0,29.7,,,0.702601,Compiled,,,,,0,,,,,0,,,,,0,0.0
CHRCLIP003021,CHRCLIP-003-021,12.7,-103.87,,,0.43,21.0,205.0,37.0,,,0.702611,Compiled,,,,,0,,,,,0,,,,,0,0.0
CH221,CH 22-1,12.76,-103.93,,,0.16,8.83,181.0,8.6,2.1,4.05,0.70247,Compiled,,,,,0,,,,,0,,,,,0,0.0
CH211,CH 21-1,12.78,-103.94,,,0.23,13.08,176.0,17.2,4.4,3.93,0.702598,Compiled,,,,,0,,,,,0,,,,,0,0.0
CH193,CH 19-3,12.82,-103.9,,,0.13,8.71,149.0,5.2,1.7,2.96,0.702517,Compiled,,,,,0,,,,,0,,,,,0,0.0
108DR4,108DR4,13.0,-104.0,,,0.208,12.4,168.0,13.8,,,0.702691,Compiled,,,,,0,,,,,0,,,,,0,0.2
CH92,CH 9-2,13.36,-104.08,,,0.3,15.31,196.0,32.1,6.2,5.16,0.70261,Compiled,,,,,0,,,,,0,,,,,0,0.7
AL4821MEDIAN,AL4821-median,13.774,-45.009,,,0.49,25.92,192.0,145.6,21.0,6.06,,Compiled,240,280,40,1776.2,4,240,280,40,1776.2,2,240,280,40,1776.2,2,1779.9
RC83,RC 83,15.74,-105.39,,,0.39,22.3,175.0,82.7,11.4,7.29,0.702816,Compiled,0,20,20,38.4,1,0,20,20,38.4,1,,,,,0,38.4
RC45,RC 45,15.87,-105.44,,,0.11,10.09,109.0,34.8,3.7,9.39,0.702995,Compiled,0,20,20,38.4,1,0,20,20,38.4,1,,,,,0,38.4
RC43,RC43,15.91,-105.44,,,0.21,16.43,128.0,54.8,6.5,8.47,0.70289,Compiled,0,20,20,53.9,1,0,20,20,53.9,1,0,20,20,53.9,1,53.9
RC38,RC38,15.99,-105.44,,,0.14,10.92,128.0,21.5,4.4,4.85,,Compiled,0,20,20,53.9,1,0,20,20,53.9,1,0,20,20,53.9,1,53.9
SONGMP4149,SONGMP4-149,21.4808,-114.277,,,0.19,11.0,173.0,,,,,Compiled,,,,,0,,,,,0,,,,,0,0.0
TK1886,TK-18-8 (6),22.93,-45.0,,,0.201,9.81,205.0,5.9,,,,Compiled,220,280,60,3529.4,6,220,280,60,3529.4,6,220,260,40,3503.2,4,3954.0
TK152,TK-15-2,23.36,-44.96,,,0.225,11.03,204.0,10.5,,,,Compiled,220,280,60,3693.0,6,220,280,60,3693.0,6,220,260,40,3661.4,4,4153.5
TK13SG,TK-13SG,23.46,-44.93,,,0.296,13.07,226.0,11.6,,,,Compiled,220,280,60,3693.0,6,220,280,60,3693.0,6,220,260,40,3661.4,4,4153.5
TK112,TK-11-2,23.58,-44.9,,,0.26,11.62,224.0,5.7,,,,Compiled,220,280,60,3723.2,6,220,280,60,3723.2,6,220,260,40,3689.4,4,4202.0
TK10,TK-10,24.03,-46.31,,,0.251,10.42,241.0,11.1,2.3,4.81,,Compiled,200,380,180,4989.8,8,220,380,160,4988.5,7,220,280,60,2915.8,6,5036.9
TK88,TK-8-8,24.46,-46.23,,,0.255,10.97,232.0,12.0,2.6,4.65,,Compiled,200,380,180,4696.6,8,220,280,60,2848.5,6,220,280,60,2848.5,6,4728.9
OC180352,OC180-35-2,24.76,-45.85,,,0.259,9.69,267.0,9.9,,,,Compiled,200,380,180,4281.9,8,220,280,60,2902.9,6,220,280,60,2902.9,6,4296.4
TK72,TK-7-2,25.15,-45.43,,,0.127,5.16,246.0,3.8,1.0,3.73,,Compiled,200,380,180,3982.9,8,220,280,60,3004.1,6,220,280,60,3004.1,6,3988.3
TK612,TK-6-12,25.55,-45.29,,,0.25,9.87,253.0,9.8,2.6,3.8,,Compiled,200,280,80,3034.4,7,220,280,60,3032.7,6,220,260,40,2995.0,5,3863.9
TK51,TK-5-1,25.72,-45.11,,,0.13,5.74,226.0,5.4,1.1,4.74,,Compiled,200,280,80,3015.7,7,220,280,60,3013.3,6,220,260,40,2978.7,5,3863.3
TK46,TK-4-6,25.83,-45.09,,,0.229,9.98,229.0,9.9,2.6,3.76,,Compiled,200,280,80,3106.8,7,220,280,60,3105.2,6,220,260,40,3078.4,4,3783.8
TK12,TK-1-2,26.11,-44.87,,,0.243,10.57,230.0,6.9,2.0,3.49,,Compiled,200,280,80,3133.2,7,220,280,60,3131.2,6,220,260,40,3114.9,3,3692.6
TK31,TK-3-1,26.17,-44.85,,,0.23,10.43,221.0,7.9,2.0,3.99,,Compiled,200,280,80,3133.2,7,220,280,60,3131.2,6,220,260,40,3114.9,3,3692.6
TK212,TK-2-12,26.28,-44.73,,,0.209,9.23,226.0,8.2,2.2,3.8,,Compiled,200,280,80,3133.2,7,220,280,60,3131.2,6,220,260,40,3114.9,3,3692.6
OC180D534,OC180-D5-3 (4),27.0,-44.5,,,0.185,8.27,224.0,7.5,,,,Compiled,200,280,80,2917.0,7,220,260,40,2909.3,5,220,260,40,2909.3,3,3284.2
OC180D6B2,OC180-D6B (2),27.31,-44.29,,,0.164,8.33,197.0,9.6,,,,Compiled,200,280,80,2635.8,7,220,260,40,2630.2,5,220,260,40,2630.2,3,2926.5
OC180D74A,OC180-D7-4A,27.94,-43.96,,,0.227,10.04,226.0,9.9,,,,Compiled,200,260,60,2173.9,6,220,260,40,2169.1,5,220,260,40,2169.1,3,2404.5
OC180D92,OC180-D9-2,28.44,-43.72,,,0.205,7.82,262.0,6.0,,,,Compiled,200,260,60,1874.6,6,220,260,40,1869.5,4,220,260,40,1869.5,3,2049.3
OC180101,OC180-10-1,28.72,-43.51,,,0.115,4.93,233.0,5.2,,,,Compiled,200,260,60,1678.9,6,220,260,40,1673.7,3,220,260,40,1673.7,3,1808.5
OC180111B,OC180-11-1B,28.89,-43.28,,,0.248,5.45,461.0,2.9,,,,Compiled,200,260,60,1734.7,6,220,260,40,1732.5,3,220,260,40,1732.5,3,1798.7
OC180111A,OC180-11-1A,28.89,-43.28,,,0.251,5.45,455.0,5.6,,,,Compiled,200,260,60,1734.7,6,220,260,40,1732.5,3,220,260,40,1732.5,3,1798.7
OC180122,OC180-12-2,29.14,-43.17,,,0.231,7.92,292.0,7.3,,,,Compiled,200,260,60,1662.2,6,220,260,40,1658.9,3,220,260,40,1658.9,3,1728.1
OC180132,OC180-13-2,29.7,-42.79,,,0.345,12.06,286.0,15.4,,,,Compiled,200,260,60,1804.4,5,220,260,40,1802.4,3,220,260,40,1802.4,2,1835.7
OC180141,OC180-14-1,29.98,-42.75,,,0.235,8.8,267.0,9.1,,,,Compiled,200,260,60,1790.4,5,220,260,40,1787.4,3,220,260,40,1787.4,2,1823.2
OC180291,OC180-29-1,30.67,-40.55,,,0.268,8.71,308.0,8.9,,,,Compiled,220,260,40,1207.1,2,220,260,40,1207.1,2,220,260,40,1207.1,2,1207.2
OC18017SG,OC180-17-SG,31.66,-40.78,,,0.225,7.92,284.0,7.0,,,,Compiled,220,260,40,1005.0,2,220,260,40,1005.0,2,220,260,40,1005.0,2,1005.7
OC180D21,OC180-D21,32.03,-40.39,,,0.231,6.96,332.0,8.5,,,,Compiled,220,260,40,634.2,2,220,260,40,634.2,2,220,260,40,634.2,2,634.4
OC180222,OC180-22-2,32.46,-40.13,,,0.191,7.27,263.0,6.7,,,,Compiled,220,260,40,435.1,2,220,260,40,435.1,2,220,260,40,435.1,2,435.4
OC180233,OC180-23-3,32.66,-40.13,,,0.271,10.51,258.0,18.2,,,,Compiled,220,260,40,392.1,2,220,260,40,392.1,2,220,260,40,392.1,2,392.5
OC180242,OC180-24-2,32.94,-39.65,,,0.266,9.53,279.0,6.5,,,,Compiled,220,260,40,157.5,2,220,260,40,157.5,2,220,260,40,157.5,2,157.6
AII127D12,AII127-D1-2,33.176,-39.246,,,0.169,6.26,270.0,7.2,,,,Compiled,220,260,40,79.9,2,220,260,40,79.9,2,240,260,20,52.4,1,79.9
OC180251,OC180-25-1,33.46,-39.09,,,0.213,7.65,278.0,7.7,,,,Compiled,220,260,40,51.8,2,220,260,40,51.8,2,,,,,0,51.8
OC18026SG,OC180-26-SG,33.59,-39.15,,,0.394,13.61,289.0,14.4,,,,Compiled,220,260,40,63.1,2,220,260,40,63.1,2,,,,,0,63.1
AII127D33A,AII127-D3-3a,33.657,-38.204,,,0.116,3.64,318.0,10.6,1.6,6.67,,Compiled,220,260,40,10.9,2,,,,,0,,,,,0,10.9
AII127D551B,AII127-D55-1b,33.727,-37.784,,,0.145,5.12,283.0,13.7,2.5,5.56,0.702973,Compiled,220,260,40,4.1,2,,,,,0,,,,,0,4.1
AII127D553,AII127-D55-3,33.727,-37.784,,,0.139,5.18,268.0,13.7,2.4,5.76,,Compiled,220,260,40,4.1,2,,,,,0,,,,,0,4.1
AII127D44,AII127-D4-4,33.847,-37.73,,,0.129,6.56,197.0,18.3,3.8,4.82,,Compiled,220,260,40,4.1,2,,,,,0,,,,,0,4.1
AII127D55,AII127-D5-5,33.912,-37.706,,,0.131,5.79,226.0,12.5,,,,Compiled,220,260,40,3.6,2,,,,,0,,,,,0,3.6
AII127D543,AII127-D54-3,34.058,-37.648,,,0.242,9.37,258.0,35.1,5.5,6.43,0.702937,Compiled,240,260,20,1.4,1,,,,,0,,,,,0,2.3
AII127D76,AII127-D7-6,34.356,-37.1,,,0.097,3.84,253.0,9.5,1.7,5.61,0.70276,Compiled,,,,,0,,,,,0,,,,,0,0.6
AII127D531,AII127-D53-1,34.525,-36.996,,,0.155,6.4,242.0,15.2,2.8,5.4,,Compiled,,,,,0,,,,,0,,,,,0,0.3
AII127D523,AII127-D52-3,34.578,-36.515,,,0.234,10.42,225.0,38.6,6.6,5.88,0.702907,Compiled,,,,,0,,,,,0,,,,,0,0.1
AII127D85,AII127-D8-5,34.709,-36.494,,,0.119,5.18,230.0,6.2,1.5,4.08,0.702824,Compiled,,,,,0,,,,,0,,,,,0,0.0
AII127D501,AII127-D50-1,34.842,-36.433,,,0.22,9.37,235.0,32.5,5.8,5.64,,Compiled,,,,,0,,,,,0,,,,,0,0.0
AII127D502,AII127-D50-2,34.842,-36.433,,,0.241,9.53,253.0,32.0,5.8,5.5,0.702936,Compiled,,,,,0,,,,,0,,,,,0,0.0
AII127D104A,AII127-D10-4a,35.954,-34.159,,,0.213,9.74,219.0,32.4,5.2,6.21,0.703035,Compiled,,,,,0,,,,,0,,,,,0,0.0
AII127D116,AII127-D11-6,36.161,-33.975,,,0.266,10.86,245.0,42.5,7.6,5.59,0.70309,Compiled,,,,,0,,,,,0,,,,,0,0.0
AII127D125,AII127-D12-5,36.296,-33.757,,,0.186,7.59,245.0,21.5,,,0.703196,Compiled,,,,,0,,,,,0,,,,,0,0.0
AII127D136,AII127-D13-6,36.996,-32.942,,,0.241,8.8,274.0,44.8,,,0.703019,Compiled,,,,,0,,,,,0,,,,,0,0.0
AII127D142,AII127-D14-2,37.053,-32.906,,,0.345,9.8,352.0,57.9,,,0.703302,Compiled,,,,,0,,,,,0,,,,,0,0.0
AII127D274,AII127-D27-4,39.504,-29.739,,,0.455,17.92,254.0,84.6,11.7,7.24,0.703144,Compiled,,,,,0,,,,,0,,,,,0,0.0
AII127D261,AII127-D26-1,39.907,-29.674,,,0.364,11.75,310.0,48.3,7.1,6.84,0.703039,Compiled,,,,,0,,,,,0,,,,,0,0.0
AII127D252,AII127-D25-2,40.261,-29.595,,,0.205,8.72,235.0,34.8,5.1,6.86,,Compiled,,,,,0,,,,,0,,,,,0,0.0
AII127D242,AII127-D24-2,40.522,-29.537,,,0.325,15.38,211.0,72.7,10.4,6.98,,Compiled,,,,,0,,,,,0,,,,,0,0.0
KAK83NP2017010,KAK83NP-2-017-010,41.462,-127.225,,,0.216,12.3,176.0,,,,0.70263,Compiled,0,20,20,138.7,1,0,20,20,138.7,1,0,20,20,138.7,1,138.7
KAK83NP2016001,KAK83NP-2-016-001,41.522,-127.457,,,0.278,16.3,171.0,,,,0.70261,Compiled,0,20,20,119.3,1,0,20,20,119.3,1,0,20,20,119.3,1,119.3
KAK83NP2014008,KAK83NP-2-014-008,41.695,-127.232,,,0.141,9.9,142.0,,,,0.70251,Compiled,0,20,20,146.2,1,0,20,20,146.2,1,0,20,20,146.2,1,146.2
KAK83NP2013003,KAK83NP-2-013-003,41.803,-127.168,,,0.126,8.4,150.0,,,,0.70249,Compiled,0,20,20,153.2,1,0,20,20,153.2,1,0,20,20,153.2,1,153.2
KAK83NP2012002,KAK83NP-2-012-002,42.035,-127.16,,,0.202,12.0,168.0,,,,0.7025,Compiled,0,20,20,159.7,1,0,20,20,159.7,1,0,20,20,159.7,1,159.7
KAK83NP2011008,KAK83NP-2-011-008,42.12,-127.158,,,0.215,12.0,179.0,,,,0.70247,Compiled,0,20,20,165.8,1,0,20,20,165.8,1,0,20,20,165.8,1,165.8
KAK83NP2009001,KAK83NP-2-009-001,42.248,-127.077,,,0.114,8.0,143.0,,,,0.70267,Compiled,0,20,20,199.2,1,0,20,20,199.2,1,0,20,20,199.2,1,199.2
KAK83NP2007004,KAK83NP-2-007-004,42.473,-126.888,,,0.288,15.8,182.0,,,,0.70251,Compiled,0,20,20,243.6,1,0,20,20,243.6,1,0,20,20,243.6,1,243.6
KAK83NP2006012,KAK83NP-2-006-012,42.572,-126.852,,,0.274,16.5,166.0,,,,0.70233,Compiled,0,20,20,250.4,1,0,20,20,250.4,1,0,20,20,250.4,1,250.5
KAK83NP2004015,KAK83NP-2-004-015,42.757,-126.762,,,0.088,5.2,169.0,,,,0.70246,Compiled,0,20,20,257.2,1,0,20,20,257.2,1,0,20,20,257.2,1,257.3
KAK83NP2003004,KAK83NP-2-003-004,42.845,-126.7,,,0.234,12.1,193.0,,,,0.70247,Compiled,0,20,20,257.2,1,0,20,20,257.2,1,0,20,20,257.2,1,257.3
KAK83NP2001008,KAK83NP-2-001-008,42.95,-126.621,,,0.261,13.8,189.0,,,,0.70243,Compiled,0,20,20,306.7,1,0,20,20,306.7,1,0,20,20,306.7,1,306.9
TRI0138006001A,TRI0138-006-001A,50.043,-28.933,,,0.258,7.29,354.0,20.2,3.2,6.4,,Compiled,,,,,0,,,,,0,,,,,0,0.8
TRI0138006001B,TRI0138-006-001B,50.043,-28.933,,,0.258,13.04,198.0,16.0,2.9,5.55,,Compiled,,,,,0,,,,,0,,,,,0,0.8
TRI0138009004,TRI0138-009-004,51.56,-29.92,,,0.25,9.0,278.0,7.7,1.5,5.07,,Compiled,360,400,40,56.7,2,360,400,40,56.7,2,,,,,0,57.9
D121,D1-2.1,55.455,-35.135,,,0.161,3.97,405.0,3.9,0.7,5.39,0.702851,Compiled,320,400,80,2335.4,4,320,400,80,2335.4,4,320,400,80,2335.4,3,3055.4
D2A21,D2A-2.1,55.686,-34.96,,,0.104,3.79,275.0,3.8,0.8,4.81,0.702858,Compiled,320,400,80,2289.6,4,320,400,80,2289.6,4,320,400,80,2289.6,3,3034.5
D2A41,D2A-4.1,55.686,-34.96,,,0.114,3.99,286.0,4.6,0.8,5.94,0.702798,Compiled,320,400,80,2289.6,4,320,400,80,2289.6,4,320,400,80,2289.6,3,3034.5
D2A42,D2A-4.2,55.686,-34.96,,,0.094,3.85,244.0,3.9,0.7,5.72,0.702808,Compiled,320,400,80,2289.6,4,320,400,80,2289.6,4,320,400,80,2289.6,3,3034.5
D2A43R,D2A-4.3R,55.686,-34.96,,,0.104,3.86,269.0,4.1,0.9,4.5,,Compiled,320,400,80,2289.6,4,320,400,80,2289.6,4,320,400,80,2289.6,3,3034.5
D441,D4-4.1,56.276,-34.491,,,0.186,4.94,377.0,5.7,1.3,4.34,0.703001,Compiled,320,400,80,2144.6,4,320,400,80,2144.6,4,320,400,80,2144.6,3,2946.2
D4A21,D4A-2.1,56.281,-34.354,,,0.202,6.72,300.0,11.9,2.1,5.78,,Compiled,320,400,80,2144.6,4,320,400,80,2144.6,4,320,400,80,2144.6,3,2946.2
D4A23,D4A-2.3,56.281,-34.354,,,0.209,8.0,261.0,11.9,2.1,5.59,0.702775,Compiled,320,400,80,2144.6,4,320,400,80,2144.6,4,320,400,80,2144.6,3,2946.2
D4A32,D4A-3.2,56.281,-34.354,,,0.135,3.77,358.0,5.4,0.8,6.77,,Compiled,320,400,80,2144.6,4,320,400,80,2144.6,4,320,400,80,2144.6,3,2946.2
D4A33,D4A-3.3,56.281,-34.354,,,0.107,3.26,328.0,4.7,0.9,5.54,,Compiled,320,400,80,2144.6,4,320,400,80,2144.6,4,320,400,80,2144.6,3,2946.2
D512G,D5-1.2g,56.408,-34.327,,,0.161,5.61,287.0,8.3,1.6,5.28,0.702792,Compiled,320,400,80,2031.6,4,320,400,80,2031.6,4,320,400,80,2031.6,3,2849.2
D521,D5-2.1,56.408,-34.327,,,0.17,5.56,306.0,9.1,1.7,5.38,0.702819,Compiled,320,400,80,2031.6,4,320,400,80,2031.6,4,320,400,80,2031.6,3,2849.2
D531,D5-3.1,56.408,-34.327,,,0.118,4.25,277.0,23.9,2.1,11.16,,Compiled,320,400,80,2031.6,4,320,400,80,2031.6,4,320,400,80,2031.6,3,2849.2
D6B11,D6B-1.1,56.503,-34.421,,,0.101,4.29,235.0,5.9,0.8,6.98,0.702768,Compiled,320,400,80,1923.3,4,320,400,80,1923.3,4,320,400,80,1923.3,3,2748.4
D6B22G,D6B-2.2g,56.503,-34.421,,,0.11,4.2,262.0,5.5,0.8,7.03,0.702773,Compiled,320,400,80,1923.3,4,320,400,80,1923.3,4,320,400,80,1923.3,3,2748.4
D6B51,D6B-5.1,56.503,-34.421,,,0.102,4.17,245.0,5.6,0.7,8.09,0.70284,Compiled,320,400,80,1923.3,4,320,400,80,1923.3,4,320,400,80,1923.3,3,2748.4
D651G,D6-5.1g,56.555,-34.141,,,0.152,5.67,268.0,8.9,1.4,6.24,0.702808,Compiled,320,400,80,1978.2,4,320,400,80,1978.2,4,320,400,80,1978.2,3,2801.9
END0025004001,END0025-004-001,57.142,-33.423,,,0.25,6.23,401.0,4.4,3.0,6.23,0.70271,Compiled,320,400,80,1843.1,4,320,400,80,1843.1,3,320,400,80,1843.1,3,2662.3
DAR0080012A001,DAR0080-012A-001,57.467,-33.008,,,0.21,4.45,472.0,4.8,5.5,5.19,0.702794,Compiled,320,400,80,1815.4,4,320,400,80,1815.4,3,320,400,80,1815.4,3,2629.0
DAR0080014003,DAR0080-014-003,57.52,-32.905,,,0.32,9.39,341.0,28.5,0.8,6.97,0.702958,Compiled,320,400,80,1705.8,4,320,400,80,1705.8,3,320,400,80,1705.8,3,2500.1
DAR0080014004,DAR0080-014-004,57.52,-32.905,,,0.3,9.71,309.0,28.5,1.5,5.8,0.702971,Compiled,320,400,80,1705.8,4,320,400,80,1705.8,3,320,400,80,1705.8,3,2500.1
DAR0080017001,DAR0080-017-001,57.887,-32.43,,,0.15,3.22,466.0,5.2,1.4,6.37,0.702947,Compiled,320,400,80,1703.1,4,320,400,80,1703.1,3,320,400,80,1703.1,3,2492.7
DAR0080022001,DAR0080-022-001,57.978,-32.455,,,0.2,5.15,388.0,8.5,1.5,5.89,0.702772,Compiled,320,400,80,1597.4,4,320,400,80,1597.4,3,320,400,80,1597.4,3,2357.0
DAR0080049005,DAR0080-049-005,58.258,-31.924,,,0.19,5.36,354.0,8.9,1.8,7.23,,Compiled,320,400,80,1554.1,4,320,400,80,1554.1,3,320,400,80,1554.1,3,2296.4
DAR0080059001,DAR0080-059-001,58.388,-31.797,,,0.22,5.7,386.0,11.6,1.7,6.3,0.702786,Compiled,320,400,80,1483.6,4,320,400,80,1483.6,3,320,400,80,1483.6,3,2195.3
END0025005003,END0025-005-003,58.418,-31.617,,,0.25,6.31,396.0,10.0,,,0.70269,Compiled,320,400,80,1508.0,4,320,400,80,1508.0,3,320,400,80,1508.0,3,2230.4
DAR0080062005,DAR0080-062-005,58.555,-31.538,,,0.2,5.68,352.0,13.3,1.4,6.9,0.702792,Compiled,320,400,80,1416.7,4,320,400,80,1416.7,3,320,400,80,1416.7,3,2093.6
DAR0080067006,DAR0080-067-006,58.705,-31.317,,,0.23,5.76,399.0,10.7,0.9,6.62,,Compiled,320,400,80,1353.9,4,320,400,80,1353.9,3,320,400,80,1353.9,3,1992.5
DAR0080080001,DAR0080-080-001,58.968,-30.932,,,0.2,4.57,438.0,9.5,0.8,6.22,0.702816,Compiled,320,400,80,1311.6,3,320,400,80,1311.6,3,320,400,80,1311.6,3,1922.2
DAR0080085004,DAR0080-085-004,59.055,-30.718,,,0.16,3.86,415.0,6.2,1.7,7.35,0.702782,Compiled,320,400,80,1328.4,3,320,400,80,1328.4,3,320,400,80,1328.4,3,1952.0
DAR0080090002,DAR0080-090-002,59.223,-30.49,,,0.23,3.84,599.0,5.2,1.6,6.0,0.702797,Compiled,320,400,80,1285.4,3,320,400,80,1285.4,3,320,400,80,1285.4,3,1879.4
DAR0080092001,DAR0080-092-001,59.258,-30.575,,,0.22,5.53,398.0,12.4,1.8,6.73,0.70283,Compiled,320,400,80,1270.2,3,320,400,80,1270.2,3,320,400,80,1270.2,3,1851.0
DAR0080098003,DAR0080-098-003,59.597,-30.037,,,0.23,5.66,406.0,11.8,0.9,6.26,0.702747,Compiled,320,400,80,1181.1,3,320,400,80,1181.1,3,320,400,80,1181.1,3,1684.9
DAR0080100001,DAR0080-100-001,59.672,-29.877,,,0.18,4.7,383.0,8.0,1.7,6.12,0.702822,Compiled,320,400,80,1193.0,3,320,400,80,1193.0,3,320,400,80,1193.0,3,1710.1
DAR0080103004,DAR0080-103-004,59.778,-29.841,,,0.13,3.81,341.0,5.9,1.2,6.77,0.702779,Compiled,320,400,80,1137.2,3,320,400,80,1137.2,3,320,400,80,1137.2,3,1594.7
DAR0080096001,DAR0080-096-001,59.785,-30.111,,,0.22,5.64,390.0,9.8,1.3,6.37,0.702775,Compiled,320,400,80,1118.2,3,320,400,80,1118.2,3,320,400,80,1118.2,3,1548.6
DAR0080104006,DAR0080-104-006,59.798,-29.787,,,0.24,5.81,413.0,10.6,0.7,6.39,,Compiled,320,400,80,1137.2,3,320,400,80,1137.2,3,320,400,80,1137.2,3,1594.7
DAR0080105001,DAR0080-105-001,59.83,-29.754,,,0.18,4.06,443.0,7.8,1.7,5.98,0.702769,Compiled,320,400,80,1137.2,3,320,400,80,1137.2,3,320,400,80,1137.2,3,1594.7
DAR0080108003,DAR0080-108-003,59.877,-29.619,,,0.12,2.91,412.0,4.3,1.3,5.9,0.70272,Compiled,320,400,80,1147.4,3,320,400,80,1147.4,3,320,400,80,1147.4,3,1618.3
DAR0080111002,DAR0080-111-002,59.953,-29.524,,,0.2,5.41,370.0,10.2,1.1,5.98,,Compiled,320,400,80,1098.4,3,320,400,80,1098.4,3,320,400,80,1098.4,3,1510.0
DAR0080112001,DAR0080-112-001,59.999,-29.485,,,0.2,4.69,426.0,7.4,1.1,6.16,0.702769,Compiled,320,400,80,1107.3,3,320,400,80,1107.3,3,320,400,80,1107.3,3,1532.1
DAR0080116006,DAR0080-116-006,60.082,-29.26,,,0.15,4.39,342.0,6.4,0.9,5.86,0.702684,Compiled,320,400,80,1116.7,3,320,400,80,1116.7,3,320,400,80,1116.7,3,1554.6
DAR0080117004,DAR0080-117-004,60.093,-29.32,,,0.18,4.31,418.0,6.5,0.7,8.29,,Compiled,320,400,80,1107.3,3,320,400,80,1107.3,3,320,400,80,1107.3,3,1532.1
DAR0080119001,DAR0080-119-001,60.126,-29.257,,,0.21,4.06,517.0,5.3,0.5,6.31,0.70279,Compiled,320,400,80,1072.0,3,320,400,80,1072.0,3,320,400,80,1072.0,3,1451.9
DAR0080121003,DAR0080-121-003,60.148,-29.19,,,0.13,3.53,368.0,6.1,1.0,5.99,0.702728,Compiled,320,400,80,1072.0,3,320,400,80,1072.0,3,320,400,80,1072.0,3,1451.9
DAR0080122004,DAR0080-122-004,60.197,-29.155,,,0.12,2.84,423.0,3.0,1.1,5.81,0.702722,Compiled,320,400,80,1072.0,3,320,400,80,1072.0,3,320,400,80,1072.0,3,1451.9
DAR0080126001,DAR0080-126-001,60.307,-28.986,,,0.2,4.34,461.0,6.2,1.0,5.34,0.702755,Compiled,320,400,80,1041.3,4,320,400,80,1041.3,3,320,380,60,996.3,2,1378.1
DAR0080129002,DAR0080-129-002,60.401,-28.905,,,0.19,4.18,455.0,6.6,1.6,5.93,0.70276,Compiled,320,400,80,1041.3,4,320,400,80,1041.3,3,320,380,60,996.3,2,1378.1
DAR0080131001,DAR0080-131-001,60.463,-28.712,,,0.15,4.63,324.0,5.6,1.2,8.58,0.702689,Compiled,320,400,80,1048.5,4,320,400,80,1048.5,3,320,400,80,1048.5,3,1397.8
DAR0080133003,DAR0080-133-003,60.599,-28.605,,,0.16,5.33,300.0,9.4,1.0,5.62,,Compiled,320,400,80,1020.9,4,320,400,80,1020.9,3,320,380,60,978.5,2,1329.3
DAR0080136002,DAR0080-136-002,60.832,-28.247,,,0.15,4.07,369.0,10.4,1.6,6.7,0.702656,Compiled,320,400,80,1003.2,4,320,400,80,1003.2,3,320,380,60,962.4,2,1285.4
DAR0080138002,DAR0080-138-002,60.945,-28.093,,,0.18,4.37,412.0,5.7,1.6,6.34,,Compiled,320,400,80,981.7,4,320,400,80,981.7,3,320,380,60,947.1,2,1229.1
DAR0080140006,DAR0080-140-006,61.024,-27.955,,,0.17,4.35,391.0,10.8,1.6,5.62,0.702716,Compiled,320,400,80,981.7,4,320,400,80,981.7,3,320,380,60,947.1,2,1229.1
DAR0080144002,DAR0080-144-002,61.292,-27.603,,,0.17,4.67,364.0,10.1,1.9,5.91,0.702711,Compiled,320,400,80,968.8,4,320,400,80,968.8,4,320,380,60,934.1,2,1195.7
DAR0080146001,DAR0080-146-001,61.407,-27.41,,,0.19,4.71,403.0,9.1,4.8,5.71,0.702757,Compiled,320,400,80,952.2,4,320,400,80,952.2,4,320,380,60,921.4,2,1150.8
DAR0080147005,DAR0080-147-005,61.463,-27.245,,,0.19,6.72,283.0,11.3,2.0,5.61,,Compiled,320,400,80,958.2,4,320,400,80,958.2,4,320,380,60,922.5,2,1167.4
DAR0080150003,DAR0080-150-003,61.6,-27.106,,,0.36,9.49,379.0,27.4,3.0,5.28,0.702836,Compiled,320,400,80,937.7,4,320,400,80,937.7,4,320,380,60,909.9,2,1111.5
END0025006003,END0025-006-003,61.603,-27.068,,,0.3,8.52,352.0,18.8,,,0.70271,Compiled,320,400,80,943.7,4,320,400,80,943.7,4,320,380,60,911.3,2,1127.5
DAR0080153003,DAR0080-153-003,61.73,-26.902,,,0.17,4.77,356.0,11.2,3.4,5.73,0.702802,Compiled,320,400,80,925.0,4,320,400,80,925.0,4,320,380,60,899.6,2,1077.3
DAR0080155006,DAR0080-155-006,61.78,-26.774,,,0.23,6.46,356.0,16.0,3.8,5.55,,Compiled,320,400,80,931.1,4,320,400,80,931.1,4,320,380,60,901.3,2,1092.8
DAR0080157003,DAR0080-157-003,61.843,-26.645,,,0.24,6.95,345.0,19.5,3.6,5.97,0.702902,Compiled,320,400,80,937.4,4,320,400,80,937.4,4,320,380,60,902.6,2,1109.0
DAR0080160004,DAR0080-160-004,61.927,-26.587,,,0.3,8.34,360.0,20.9,4.0,5.96,0.70279,Compiled,320,400,80,920.3,4,320,400,80,920.3,4,320,380,60,892.4,3,1062.8
DAR0080162002,DAR0080-162-002,62.001,-26.449,,,0.31,7.81,397.0,21.3,4.3,5.86,0.702794,Compiled,320,400,80,926.9,4,320,400,80,926.9,4,320,380,60,894.2,3,1078.6
DAR0080164005,DAR0080-164-005,62.027,-26.45,,,0.32,8.4,381.0,23.6,5.4,6.13,0.702802,Compiled,320,400,80,926.9,4,320,400,80,926.9,4,320,380,60,894.2,3,1078.6
DAR0080169006,DAR0080-169-006,62.241,-26.117,,,0.32,8.94,358.0,25.0,7.5,5.75,0.702783,Compiled,320,400,80,918.1,4,320,400,80,918.1,4,320,380,60,887.1,3,1052.5
DAR0080173001,DAR0080-173-001,62.403,-25.853,,,0.37,9.72,381.0,32.9,6.9,6.06,0.702898,Compiled,320,400,80,918.6,4,320,400,80,918.6,4,320,380,60,884.0,3,1046.3
DAR0080175008,DAR0080-175-008,62.489,-25.647,,,0.4,12.4,323.0,42.9,6.6,6.1,0.703022,Compiled,320,400,80,926.4,4,320,400,80,926.4,4,320,380,60,886.2,3,1063.0
EN0268D1G,EN026 8D-1g,71.53,-3.94,,,1.749,41.6,420.0,277.7,30.6,,0.703202,Compiled,140,180,40,398.4,5,140,180,40,398.4,4,140,180,40,398.4,4,659.0
EN0268D2G,EN026 8D-2g,71.53,-3.94,,,1.772,42.93,413.0,285.8,31.1,,0.70319,Compiled,140,180,40,398.4,5,140,180,40,398.4,4,140,180,40,398.4,4,659.0
EN02631D1G,EN026 31D-1g,73.74,8.37,,,0.257,12.33,208.0,56.5,5.1,11.17,0.703018,Compiled,120,160,40,428.6,5,140,160,20,426.0,3,140,160,20,426.0,2,522.0
EN02630D1G,EN026 30D-1g,74.19,8.84,,,0.457,18.19,251.0,116.7,10.7,10.89,0.703137,Compiled,120,160,40,483.9,5,140,160,20,477.1,4,140,160,20,477.1,3,620.6
EN02629D1G,EN026 29D-1g,74.65,8.51,,,0.397,13.48,295.0,64.4,6.3,10.19,0.702928,Compiled,120,160,40,570.0,5,120,160,40,570.0,5,140,160,20,555.2,3,796.9
EN02619D1G,EN026 19D-1g,75.96,7.28,,,0.594,21.0,283.0,93.0,9.8,9.52,0.702863,Compiled,120,160,40,693.6,6,120,160,40,693.6,5,120,160,40,693.6,5,1666.9
EN02621D1G,EN026 21D-1g,76.56,7.19,,,0.602,15.32,393.0,69.3,7.4,9.43,0.702746,Compiled,120,160,40,624.1,6,120,160,40,624.1,5,120,160,40,624.1,5,2025.1
EN02622D1G,EN026 22D-1g,76.86,7.37,,,0.566,19.77,286.0,99.1,10.6,9.32,0.702864,Compiled,120,160,40,598.3,6,120,160,40,598.3,5,120,160,40,598.3,5,2127.5
EN02625D2G,EN026 25D-2g,77.53,7.67,,,0.456,15.66,291.0,96.0,10.1,9.5,0.702902,Compiled,120,160,40,565.0,6,120,160,40,565.0,6,120,160,40,565.0,5,2459.8
MELVULC5042010,MELVULC-5-042-010,-59.363,-18.06,,,0.411,22.9,179.0,,3.6,0.0,0.70263,Michael_1995,0,20,20,3.0,2,380,400,20,13.9,1,,,,,0,475.6
MELVULC5027019,MELVULC-5-027-019,-57.895,-6.043,,,0.156,9.6,163.0,11.4,2.4,4.75,0.70277,Michael_1995,,,,,0,,,,,0,,,,,0,0.0
MELVULC5027034,MELVULC-5-027-034,-57.895,-6.043,,,0.462,30.1,153.0,,15.6,0.0,0.70334,Michael_1995,,,,,0,,,,,0,,,,,0,0.0
AII01076056027,AII0107-6-056-027,-54.397,5.137,,,0.146,4.6,317.0,4.63,0.99,4.68,0.70297,Michael_1995,,,,,0,,,,,0,,,,,0,0.0
AII01077002038,AII0107-7-002-038,-46.212,-14.073,,,0.268,13.1,205.0,,3.4,,,Michael_1995,,,,,0,,,,,0,,,,,0,16.3
AII01077004016,AII0107-7-004-016,-42.92,-16.37,,,0.187,12.1,155.0,,4.1,,,Michael_1995,,,,,0,,,,,0,,,,,0,37.7
AII01077007003,AII0107-7-007-003,-40.44,-16.75,,,0.181,12.0,151.0,,2.0,,,Michael_1995,,,,,0,,,,,0,,,,,0,9.6
END0112002001,END0112-002-001,-35.367,-105.583,,,0.141,7.1,199.0,,2.5,,,Michael_1995,,,,,0,,,,,0,,,,,0,0.0
AII01077018014,AII0107-7-018-014,-34.443,-15.147,,,0.181,9.1,199.0,,1.5,,,Michael_1995,,,,,0,,,,,0,,,,,0,0.0
WASPLUM5053001,WASPLUM-5-053-001,-33.921,-14.524,,,0.126,6.4,197.0,10.5,1.5,7.0,,Michael_1995,,,,,0,,,,,0,,,,,0,0.0
END0112005011,END0112-005-011,-33.65,-109.217,,,0.238,13.0,183.0,,4.5,0.0,,Michael_1995,,,,,0,,,,,0,,,,,0,0.0
END0112004010,END0112-004-010,-33.45,-112.5,,,0.296,17.1,173.0,9.61,4.3,2.24,,Michael_1995,,,,,0,,,,,0,,,,,0,0.0
END0112007008,END0112-007-008,-32.117,-112.267,,,0.533,30.0,178.0,,6.6,,,Michael_1995,,,,,0,,,,,0,,,,,0,0.0
GIL7202087001,GIL7202-087-001,-28.12,-113.17,,,0.324,13.0,249.0,6.0,4.7,1.28,,Michael_1995,,,,,0,,,,,0,,,,,0,0.0
GIL7202087012,GIL7202-087-012,-28.12,-113.17,,,0.37,21.0,176.0,7.0,5.3,1.32,,Michael_1995,,,,,0,,,,,0,,,,,0,0.0
END0113003001,END0113-003-001,-27.88,-112.81,,,0.446,20.6,217.0,45.8,11.06,4.14,0.702775,Michael_1995,,,,,0,,,,,0,,,,,0,0.0
TRI0164025002,TRI0164-025-002,1.95,-91.18,,,0.407,19.4,210.0,59.8,10.2,5.86,0.702946,Michael_1995,,,,,0,,,,,0,,,,,0,0.0
MELPROT9047001,MELPROT-9-047-001,10.3,-103.583,,,0.254,17.0,149.0,,5.0,,,Michael_1995,,,,,0,,,,,0,,,,,0,0.0
MELPROT9055013,MELPROT-9-055-013,10.987,-103.705,,,0.424,14.0,303.0,,5.0,,,Michael_1995,,,,,0,,,,,0,,,,,0,0.0
MELPROT9059001,MELPROT-9-059-001,11.247,-103.753,,,0.289,14.6,198.0,,6.0,,,Michael_1995,,,,,0,,,,,0,,,,,0,0.0
CHRCLIP007001,CHRCLIP-007-001,11.433,-103.783,,,0.521,28.5,183.0,134.0,16.0,8.38,0.702854,Michael_1995,,,,,0,,,,,0,,,,,0,0.0
MELPROT9215002,MELPROT-9-215-002,11.71,-103.832,,,0.514,30.9,166.0,,19.0,,,Michael_1995,,,,,0,,,,,0,,,,,0,0.0
MELPROT9064002,MELPROT-9-064-002,11.717,-103.832,,,0.21,11.2,188.0,,5.0,,,Michael_1995,,,,,0,,,,,0,,,,,0,0.0
AII00963018001,AII0096-3-018-001,23.52,-44.82,,,0.23,9.9,233.0,4.33,1.83,2.37,,Michael_1995,220,280,60,3780.7,6,220,280,60,3780.7,6,220,260,40,3754.7,3,4141.3
GIL0104040001,GIL0104-040-001,23.805,-46.282,,,0.302,11.1,272.0,,2.71,,,Michael_1995,220,380,160,4867.0,7,220,280,60,3104.9,6,220,280,60,3104.9,6,4904.5
GIL0104047001,GIL0104-047-001,23.945,-46.3,,,0.262,9.6,274.0,,2.9,,,Michael_1995,220,380,160,4825.5,7,220,280,60,3034.2,6,220,280,60,3034.2,6,4862.7
ALV0828005,ALV0828-005,36.45,-32.7,,,0.309,10.5,294.0,36.8,6.03,6.1,0.702925,Michael_1995,,,,,0,,,,,0,,,,,0,0.0
ALV0826001,ALV0826-001,36.48,-33.69,,,0.217,5.7,381.0,,3.1,,,Michael_1995,,,,,0,,,,,0,,,,,0,0.0
ALV0832002,ALV0832-002,36.79,-33.33,,,0.365,14.5,251.0,51.7,10.23,5.05,0.702974,Michael_1995,,,,,0,,,,,0,,,,,0,0.0
ALV0526005,ALV0526-005,36.818,-33.248,,,0.457,17.2,266.0,68.6,11.6,5.91,0.70297,Michael_1995,,,,,0,,,,,0,,,,,0,0.0
ENV7115008001,ENV7115-008-001,48.31,-129.07,,,0.102,5.0,204.0,5.9,0.9,6.56,,Michael_1995,0,40,40,547.3,2,0,20,20,538.0,1,0,20,20,538.0,1,547.3
ENVCSM5006001,ENVCSM5-006-001,49.56,-130.28,,,0.166,10.1,164.0,25.93,5.08,5.1,,Michael_1995,0,40,40,589.8,2,0,40,40,589.8,2,0,20,20,574.4,1,590.1
ENVCSM5005001,ENVCSM5-005-001,49.58,-130.43,,,0.39,17.0,229.0,47.0,9.4,5.0,,Michael_1995,0,40,40,532.4,2,0,40,40,532.4,2,0,20,20,519.7,1,532.6
TULCUR1013001,TULCUR1-013-001,49.64,-130.378,,,0.218,13.5,161.0,12.0,6.3,1.9,0.702593,Michael_1995,0,40,40,532.4,2,0,40,40,532.4,2,0,20,20,519.7,1,532.6
PS4CSM41501001,PS4CSM4-1501-001,49.7235,-130.313,,,0.619,34.0,182.0,120.0,19.1,6.28,,Michael_1995,0,40,40,588.6,2,0,40,40,588.6,2,0,20,20,572.6,1,589.0
PS4CSM41505001,PS4CSM4-1505-001,49.758,-130.282,,,0.48,29.0,166.0,130.0,18.6,6.99,,Michael_1995,0,40,40,648.2,2,0,40,40,648.2,2,0,20,20,628.7,1,648.6
PS4CSM41506002,PS4CSM4-1506-002,49.77,-130.196,,,0.258,18.4,140.0,69.0,9.0,7.67,,Michael_1995,0,40,40,648.2,2,0,40,40,648.2,2,0,20,20,628.7,1,648.6
ENVCSM5003002,ENVCSM5-003-002,49.79,-130.25,,,0.563,36.0,156.0,118.0,22.0,5.36,,Michael_1995,0,40,40,648.2,2,0,40,40,648.2,2,0,20,20,628.7,1,648.6
ENVCSM5008001,ENVCSM5-008-001,49.85,-130.17,,,0.411,25.7,160.0,105.0,17.4,6.03,,Michael_1995,0,40,40,648.2,2,0,40,40,648.2,2,0,20,20,628.7,1,648.6
ENV7714036002,ENV7714-036-002,49.92,-130.18,,,0.094,5.8,163.0,5.33,0.9,5.92,,Michael_1995,0,40,40,702.9,2,0,40,40,702.9,2,0,20,20,678.9,1,703.6
ENV7906032001,ENV7906-032-001,49.99,-129.88,,,0.228,17.5,130.0,75.9,9.49,8.0,,Michael_1995,0,40,40,828.0,2,0,40,40,828.0,2,0,20,20,793.2,1,828.5
ENV7906032039,ENV7906-032-039,49.99,-129.88,,,0.472,25.0,189.0,103.0,17.1,6.02,,Michael_1995,0,40,40,828.0,2,0,40,40,828.0,2,0,20,20,793.2,1,828.5
ENV7025004069,ENV7025-004-069,50.225,-130.25,,,0.165,6.1,273.0,5.71,1.7,3.36,,Michael_1995,0,40,40,751.9,2,0,40,40,751.9,2,0,20,20,722.8,1,753.0
NEJTW,*NEJTW,51.48,-130.87,,,1.4,98.1,143.0,381.0,64.6,5.9,,Michael_1995,0,40,40,705.6,4,0,40,40,705.6,2,0,20,20,672.8,1,719.0
TRI0139030002,TRI0139-030-002,71.82,-2.08,,,1.29,52.9,244.0,303.0,,,,Michael_1995,140,180,40,436.8,5,140,180,40,436.8,4,140,180,40,436.8,3,687.1
TRI0139031002,TRI0139-031-002,72.18,0.23,,,0.399,14.9,268.0,50.9,5.3,9.6,,Michael_1995,140,180,40,493.0,5,140,180,40,493.0,4,140,160,20,449.4,2,712.7
TRI0139032002,TRI0139-032-002,72.608,3.375,,,0.41,16.0,256.0,81.6,7.3,11.18,,Michael_1995,140,180,40,457.5,5,140,180,40,457.5,4,140,160,20,441.7,2,620.4
TRI0139033001,TRI0139-033-001,73.01,5.18,,,0.425,15.9,267.0,,6.7,0.0,,Michael_1995,140,180,40,450.1,5,140,160,20,444.2,3,140,160,20,444.2,2,572.4
